	ABL2	ACVR2A	AFF3	ALK	AMER1	APC	ARHGAP35	ARID1A	ARID1B	ARID2	ARNT	ASXL1	ASXL2	ATF7IP	ATM	ATR	ATRX	BAP1	BCL6	BCL9	BCL9L	BCOR	BCORL1	BRAF	BRCA2	BRD4	CACNA1A	CAMTA1	CARD11	CASP8	CCND1	CCND2	CCNE1	CD79B	CDH1	CDH11	CDK12	CDK4	CDK6	CDKN1A	CDKN1B	CDKN2A	CHD3	CHD4	CHD8	CIC	CLTC	CREBBP	CTCF	CTNNB1	CUX1	DDR2	DDX5	DEK	DICER1	DNMT1	EGFR	ELF3	ELK4	EP300	ERBB2	ERBB3	ERBB4	ERCC2	ESR1	ETV1	ETV5	EZH2	FAS	FAT1	FAT4	FBXW7	FCGR2B	FCRL4	FGFR1	FGFR2	FGFR3	FGFR4	FHIT	FLT4	FOXA1	FOXL2	FOXO1	FOXO3	FUBP1	GATA2	GATA3	GNAS	GRIN2A	GTF2I	H3F3A	HEY1	HIST1H3B	HLF	HMGA2	IDH1	IDH2	IKBKB	IKZF3	IL7R	INPPL1	IRS4	JAK1	JAK3	KANSL1	KAT6A	KDM5A	KDM6A	KDR	KEAP1	KIT	KLF5	KMT2A	KMT2B	KMT2C	KMT2D	KRAS	LPP	LRP1B	MACF1	MAP2K1	MAP2K4	MAP3K1	MAP3K13	MDM2	MDM4	MECOM	MED12	MET	MGA	MITF	MSI2	MTOR	MYC	MYCL	MYH9	NCOA2	NCOR1	NCOR2	NF1	NF2	NFATC2	NFE2L2	NIPBL	NKX2-1	NOTCH1	NOTCH2	NRAS	NRG1	NSD1	NTRK1	NTRK3	NUTM1	PBRM1	PBX1	PDGFRA	PIK3CA	PIK3CB	PIK3CG	PIK3R1	PLXNB2	POLE	POLQ	PPM1D	PPP2R1A	PRDM1	PREX2	PSIP1	PTEN	PTPN13	PTPRB	PTPRC	PTPRK	PTPRT	RAC1	RAD21	RAF1	RANBP2	RARA	RASA1	RB1	RBM10	RNF43	ROS1	RPL22	RUNX1T1	SALL4	SCAF4	SETBP1	SETD2	SMAD4	SMARCA4	SOS1	SOX17	SOX2	SOX9	SPEN	SPOP	STAG2	STIL	STK11	TCF7L2	TERT	TET1	TP53	TP63	TRRAP	TSC1	UBR5	UNCX	USP6	USP9X	VHL	WWTR1	ZBTB16	ZFHX3	ZNF521
SBS1	-0.074854	0.090564	0.0086627	0.07748	-0.30565	0.0	5.099	0.52018	0.0	0.0	-0.9586	0.4013	1.0429	0.0	1.0653	0.03475	-0.1714	0.0	-0.054879	0.0	0.0	-18.507	0.0	0.0	-0.88569	-10.774	0.0	0.0	-1.5823	4.3071	0.0	-0.76239	-0.58126	0.0	0.14823	0.0	0.0080316	0.0	-18.342	2.7897	0.19954	0.0	0.49855	0.0	0.0	-0.050921	0.0	0.2801	0.012055	0.0	25.102	-0.7529	0.0	0.0	0.0	0.28542	0.11871	7.2208	0.0	0.0	0.0	0.0	0.0	0.0	-3.4513	0.1846	0.3302	0.0	-33.231	0.11307	0.0	0.12912	0.0	0.0	0.0	0.035426	-0.77246	-7.774	0.022536	-0.3598	-2.8894	0.53844	-16.757	-25.979	-2.3383	0.0079238	0.58178	0.0	0.0	0.0	-0.080697	-0.1381	0.3442	52.58	-0.47725	-4.2467	-4.7685	10.634	-1.4555	-0.09082	-1.5067	0.015794	0.0	20.135	0.0071014	0.0	0.0	-0.52592	0.0	0.0	-13.325	0.024838	0.0	0.0	0.017152	0.075766	-0.11229	-0.11342	-0.093334	0.39242	0.0	0.97574	-5.7265	-0.93764	0.10573	-2.0475	-0.8962	4.1757	0.15992	0.39925	-4.4115	0.11494	0.052009	-0.70458	-6.2245	0.010156	-9.9546	0.0	-0.027091	0.0	0.0	-0.26333	-0.47828	20.81	7.4023	7.0306	-0.46496	0.0076645	-2.1727	0.24349	-4.8503	0.0	0.0	0.0	0.0	0.11477	0.023579	0.50716	0.8974	0.89768	0.0021062	0.0	0.0	0.26282	0.0	-27.513	0.0072555	0.00091647	0.0	0.0	0.0	0.00045915	6.9513	0.0	0.0	-0.57795	0.010048	0.073996	-0.0063312	0.0	0.043287	0.0	0.074857	0.0	-13.279	0.027114	0.0	0.076459	0.0	-0.0011593	-0.4682	0.0	0.021217	-2.3131	-1.1426	-0.54078	-0.49652	1.9171	-0.5845	-8.72	3.2713	-0.75702	0.0	0.1358	-0.15547	-0.16045	0.062437	-0.40237	0.0	12.399	0.0	0.0	-3.9152	0.11076	-0.0072414	0.13605	0.067437
SBS2	0.21309	0.0	0.013942	0.74075	-0.51552	0.0	-0.73808	0.0	0.016411	0.0	-0.26492	0.34287	7.5009	0.0	-0.80843	0.097192	0.0	0.0	0.14363	0.074283	0.11967	15.094	0.0	0.0	0.16538	-31.07	0.0	-0.12898	-3.2748	12.525	0.0	-0.0808	0.015878	8.8428	1.8577	0.18137	0.023071	0.0	-5.9601	10.127	0.34777	0.0	-1.1156	0.0	-14.647	0.0	0.0	-0.019024	-0.0056427	10.674	3.2231	0.0	43.141	0.0	0.0	-0.034107	-0.016647	13.614	-16.674	0.05406	0.0	0.15249	0.00089719	0.0	0.0	-0.64136	0.0	0.0	-29.19	-0.098846	0.0	0.2604	0.0	-0.14145	-0.76511	0.36904	0.0	-7.9435	0.011216	-0.17091	-7.8	0.59897	-15.17	27.508	0.0	-0.0021989	4.2546	0.0	0.0	0.0	0.0	0.0	0.0	36.313	-0.76656	0.0	1.0374	-6.3659	0.032283	-0.068791	1.7889	-0.038513	0.0	0.20842	0.0	0.0	0.056608	0.0	0.0	5.5361	-7.138	0.0	0.0	0.0	0.15952	0.0	-0.64588	0.14754	0.0068463	0.0	0.0	-0.83285	12.152	0.0	0.0	6.4722	-0.15964	0.0	0.6034	0.0	0.0	0.0	0.0	-0.32321	-8.5037	0.016813	-1.9828	0.20669	-4.3878	0.0	0.0	1.5917	-4.99	-36.53	-6.0561	16.936	-0.16004	-0.004494	0.0	0.0	-2.1644	0.0	0.0	0.0	0.0	-0.87996	0.14252	0.57965	0.0	-0.29433	0.0011106	0.0	0.0	-0.3743	0.0	-5.5254	0.0	0.004572	0.0	0.0	0.0	0.00098187	0.0	0.0	-2.7849	0.0	0.0090166	0.14011	0.015971	-3.0757	0.10747	0.3866	0.0	0.0	-1.5733	-0.0043342	-14.149	0.12602	0.0	0.0051741	0.63075	0.0	0.45302	-0.54581	0.030729	-4.229	-0.14579	5.3061	0.0	-34.191	-0.71281	-0.46553	-0.048415	-0.0073392	-0.15649	-0.15963	0.066189	0.0	0.0	-0.40608	0.0	0.0	50.302	-0.12069	-0.39905	0.023762	0.0
SBS3	0.0	0.0	-0.0023113	0.0	-0.68462	0.0	-0.1881	-0.099282	0.0	0.0	0.0	0.13331	29.056	0.0	-0.96203	0.074312	-0.10384	0.13682	-0.01614	0.0	0.0	0.0	0.0	0.0	0.32339	0.0	0.0	0.0	0.0	21.843	-0.302	0.0	0.0	0.0	-0.35874	0.0	-0.0061472	0.0	0.0	-4.9676	0.0	0.0	0.0	0.0	0.0	0.0	0.0	-0.019229	0.0	0.0	0.0	0.059345	0.0	0.0	0.0	0.0	-0.0088067	-1.6331	0.64389	0.0	0.0	0.0	0.080979	0.0	0.0	0.21735	-0.0029879	0.0	0.0	0.0	0.0	-0.16796	0.0	0.0	-0.33919	0.0	0.0	0.0	0.05498	0.0	0.0	0.0	0.0	0.0	0.0	0.0	-1.9471	0.0	0.0	0.58947	0.0	0.0	-3.0425	11.455	-0.51451	0.0	0.0	0.095815	-0.91246	0.051972	0.0	0.0	0.0	0.0	0.0	0.0	0.0	0.0087784	0.0	0.0	-0.77926	0.0	0.0	0.0	-0.0013545	0.0	0.068233	0.039812	0.0	0.0	0.0	-0.1186	0.0	0.0	-0.043444	2.8786	0.0099021	0.0	0.30909	0.91298	0.0	-0.049845	0.0	0.23433	6.4284	0.0071617	1.7571	0.12542	0.0	0.0	0.0	0.79017	2.7313	0.0	0.0	0.0	0.0	-0.00094605	0.0	-65.432	3.4125	0.0	0.0	0.0	0.0	-0.15965	-0.11648	0.0	0.0	0.0	-0.0023452	0.0	0.0	0.0	0.0	0.0	0.0	-0.0019277	0.0	0.0	0.0	0.0	0.0	0.0	0.0	0.039436	0.0061144	0.0	0.0	0.0	0.063457	0.0	0.0	0.0	0.0	0.15111	0.0	0.0	0.0	-0.0025545	45.448	0.0	-0.41913	0.0	0.0	-0.61718	-0.74543	0.0	0.0	-3.8487	0.0	-0.83805	0.015559	0.09197	0.23438	-0.053982	0.065684	-7.7547	0.062217	0.0	0.0	0.0	0.0	0.0	0.0	-0.04398	-0.090133
SBS4	0.0	0.0	0.0036729	0.21605	0.0	0.0	0.0	0.0	0.0	0.0	-0.024033	0.0	0.0	0.13226	0.0	0.0	0.21939	0.0	-0.034766	0.0	0.26241	0.0	0.0	0.0	0.0	0.0	0.0	0.0	0.0	-0.0013099	0.0	0.0	0.0	0.0	0.0	0.6433	0.0	0.0	0.0	0.0	0.0	-0.17732	0.0	0.0	0.0	0.0	0.0	0.0	0.0	63.585	0.0	-0.099303	0.0	0.0	0.0	0.0	-0.024384	0.0	0.0	0.0	0.0	0.0	0.17768	0.0	0.0	0.0	-0.040459	0.0	0.0	0.088042	0.0	0.0	0.0	0.0	-0.17929	0.0	0.0	0.0	-0.021067	0.0	-0.51258	0.0	0.0	0.0	0.0	0.011205	0.0	0.5908	0.0	-0.060909	0.0	0.0	0.0	0.0	-0.3335	0.0	0.0	0.759	-27.65	0.16514	0.0	0.12781	0.0	0.0	0.0	0.0	0.0	0.25997	0.24816	-1.1351	-1.6428	0.0	0.0	0.0	0.13445	0.0	-0.28724	0.0	0.17743	0.21684	0.0	0.0	0.0	-0.069942	0.0	0.0	-0.0011272	1.2898	-0.099091	0.0	0.0	0.0	0.0	-0.22854	0.0	0.0	0.0	0.0	0.0	0.0	0.0	0.0	-1.6598	0.0	-0.57371	0.32301	0.0	0.0	0.0	0.49597	1.16	0.033022	0.0	0.0	0.0	-0.12221	-0.22628	0.0045012	-0.13495	0.0	0.0	0.31309	0.0	0.0	0.0	0.0	0.0	0.0	0.0	0.0	0.018247	0.011301	0.0	0.0	0.0	0.0	0.0	0.0	0.0	-1.6557	-0.32667	-0.31374	0.0	0.0	0.0	0.16055	0.0	0.0	0.11006	-0.00010671	-0.073335	0.0	0.0	0.0	0.0	0.0	0.0	0.0	0.0	0.0	-6.4855	0.0	-0.088763	0.0	0.032436	-0.19753	0.0	0.0	0.10499	0.0	0.0	0.0	0.0	-0.07792	0.0	0.0	0.21725
SBS5	0.32971	0.12238	0.008068	0.57264	-0.25977	0.0	2.0853	0.0	0.029042	0.0	0.3142	0.25038	-0.4176	0.0068882	0.54769	0.020138	0.055504	0.0	0.13099	0.11425	0.0	6.9935	0.26766	0.0	0.50711	-17.574	0.011003	0.20199	0.14624	-1.1587	0.0	0.27007	-0.48529	0.0	-1.1346	0.0	0.023723	-0.041247	2.1715	-4.8159	-0.17201	0.0	-1.2343	0.0	-2.5403	-0.29946	0.0	0.0	0.016887	-0.081482	-7.3311	0.33448	0.0	0.0	0.0	-0.0025507	-0.055821	1.5188	0.0	0.0	0.0	0.046075	0.097104	0.75915	1.9632	-0.12384	0.28053	0.0	8.0042	0.0	0.052952	-0.16868	0.15293	0.37255	0.33876	0.0	0.0	-5.802	0.073867	0.0	0.0	-0.60921	-2.3551	-6.7382	-1.4348	0.0070545	-8.4926	0.0	0.0	-0.58707	0.0	0.0	1.5922	-16.198	-1.7284	-0.10053	-3.4928	2.4878	0.0022362	0.044525	2.0595	0.10004	0.51723	15.259	0.066623	0.0	0.0073509	0.20944	0.0	0.26933	-2.4326	0.0	0.0	0.42523	0.1682	0.27662	-0.21743	0.57197	0.17084	0.031942	0.0	-0.31094	-0.69248	0.19488	0.0	1.3098	0.19251	-5.0478	1.337	0.10133	1.6099	-0.31011	0.11665	0.3027	5.2195	0.00092731	5.5604	-0.41104	0.7078	0.0	0.0	0.26905	1.3758	-2.812	0.41086	-0.80218	0.41076	0.013324	0.63202	0.074496	3.4152	0.0	0.0	0.0	0.0	0.11405	0.025184	0.09195	0.4887	0.0	0.01599	0.0	0.090121	-0.61121	-0.11225	-8.1959	0.065054	0.003008	0.010424	0.0	0.0	0.0091458	-4.6557	0.0	0.0	0.0	0.01031	0.28086	-0.0052029	-3.2857	0.20442	-0.14651	0.15477	0.0	26.87	0.050361	2.087	0.098834	0.0	-0.0032027	0.70925	0.045871	0.3217	0.0	0.14471	-2.9782	-0.11752	-4.087	-0.25151	-3.3768	-0.70218	0.23875	-0.10377	0.15549	0.10553	0.13927	0.075889	-0.39994	0.0	3.7524	0.0	0.0	0.0	0.14675	-0.26991	0.15406	0.095539
SBS6	0.0	0.046019	0.0	0.0	0.0	0.0	0.0	0.0	0.0	0.0	0.0	0.0	0.0	0.0	27.017	0.0	0.0	0.0	0.083979	0.0	0.0	0.0	0.0	0.0	-0.22418	0.0	0.0	0.0	0.0	0.0	-0.037805	0.0	-0.21105	0.0	-0.53723	0.0	0.0	0.0	-12.498	0.0	-0.24932	0.0	0.0	0.0	0.0	0.0	0.0	0.0	0.0	-10.91	0.0	0.0	0.0	0.0	0.0	0.0	-0.055184	0.0	0.0	0.0	0.0	0.16194	0.0	0.0	0.0	0.0	0.091134	0.0	-45.056	-5.671	0.0	29.095	0.0	0.0	0.0	0.0	0.0	0.0	-0.029033	0.0	326.91	0.0	-21.988	-17.392	0.0	0.0	0.0	0.0	0.0	-0.41047	0.0	-3.8939	0.0	0.0	0.0	0.0	-0.83463	0.0	-36.62	0.0	0.0	0.0	0.0	0.0	0.0	0.0	0.0	0.0	0.0	0.0	-2.1822	0.0	0.0	0.0	0.040284	0.0	0.021524	0.032707	0.0	0.0	0.0	0.0	0.0	0.3877	0.0	0.0	0.16192	0.0	0.0	0.0	0.0	0.0	0.0	-0.03091	0.0	0.0	-29.703	0.0	0.0	0.0	0.0	-0.8897	13.864	77.479	0.0	0.0	0.0	-0.00091613	-20.632	0.0	0.0	0.0	0.0	0.0	0.0	0.0	0.05116	0.0	-0.68378	0.0	0.0	0.0	0.0	0.0	0.0	-15.098	0.0	0.0	-0.077051	0.0	0.0	0.0	0.0	0.0	0.0	-0.14074	0.0	0.0	-0.00054588	0.0	-0.11313	0.0	0.0	0.0	0.0	-0.030926	-75.848	0.0	0.0	0.0	-0.25137	0.0	0.0	-3.6345	0.30627	0.0	0.0	958.41	0.0	0.0	0.0	0.0	-11.526	0.0	0.031646	0.00061441	-0.023545	0.0	0.082879	-6.5095	0.0	0.0	0.0	0.0	-0.20409	0.053196	0.054704
SBS7a	-4.9647	0.0	0.0	-1.2684	0.0	0.0	0.0	0.0	0.0	0.0	-12.354	0.0	0.0	0.0	3.3057	0.0	-0.068396	0.0	0.20878	0.0	0.0	0.0	0.0	0.081664	-0.34391	0.0	0.0	0.0	-19.534	22.192	-0.29004	-0.12387	0.0	0.0	1.1589	0.0	0.0	0.0	0.0	0.0	-0.24505	0.0	0.0	0.0	0.0	2.0966	0.0	0.0	0.0	0.0	-32.267	0.0	0.0	0.0	0.0	0.0	-0.021577	0.0	-99.868	0.0	0.0	0.0	0.1392	0.0	0.0	0.0	18.756	0.0	-39.326	0.22645	0.09757	0.0	0.0	0.0	-7.0429	0.0	0.0	-10.12	0.0	-4.3683	1.1094	0.0	-73.263	-22.642	0.0	0.0	10.921	-2.6577	0.0	-0.34106	-0.061296	0.29924	0.0	-33.484	0.0	0.0	0.0	-38.981	-2.8128	0.0	0.0	-0.013165	0.0	0.0	0.0	0.0	0.0	0.0	0.3072	-13.896	-3.4241	0.0	0.0	0.0	0.45179	0.0	5.6932	42.335	0.10201	-0.72676	0.15921	-5.7014	-5.5654	29.25	0.0	-47.774	0.64378	-3.0647	-0.47416	1.283	13.716	-0.25551	0.0	0.19156	0.0	0.0	17.187	1.8196	0.0	0.0	0.0	0.0	15.567	0.0	5.8827	-25.676	-0.15789	0.014489	-35.771	-80.994	-28.463	0.0	0.0	0.0	0.0	-7.3333	0.023452	0.0	-8.0688	0.0	0.0	0.0	0.0	-3.0637	0.0	-41.464	0.090329	0.0	0.0	0.0	0.03942	0.012501	-11.904	0.024088	0.0	0.11447	0.0	0.0	0.0	0.0	-0.006	-0.40445	0.0	0.047248	0.0	0.011038	0.0	0.0	0.0	0.0034522	0.27732	0.0	0.0	1.4118	0.0	0.0	0.0	1.0083	0.0	0.0	-2.7575	0.0	-17.109	0.24421	-0.21616	0.0	0.0	0.0	0.0	0.0	0.0	0.0	-142.75	0.12277	-0.46	0.0	0.0
SBS7b	0.0	0.0	-0.0011567	0.85751	0.0	0.0	-0.55598	0.0	0.0	0.0	-3.543	0.0	-14.064	0.0	-13.158	-0.010127	0.0	-0.034512	0.38587	0.0	0.0	0.0	0.0	0.11993	-0.080047	0.0	0.0	0.0	-29.381	54.17	0.0	-0.14118	0.0	0.0	0.0	0.0	-0.0015545	0.0	0.0	-50.598	0.41133	0.0	0.0	0.0	0.0	0.14522	0.0	-0.061993	0.0	0.0	0.0	-5.9043	0.0	0.0	0.0	0.0	0.07562	-10.244	0.0	0.0	0.0	-0.011557	0.0	0.0	0.0	-0.098399	55.747	0.10433	-25.457	-0.13343	0.0	0.0	0.0	0.0	-2.99	0.0	-6.575	0.40771	0.0	0.0	-43.121	0.0	-37.171	-36.212	-5.8981	0.0	0.0	0.0	0.0	0.0	0.0	-0.61425	-0.16422	0.0	0.02295	0.0	0.0	-7.3555	0.0	0.0	0.0	0.0	0.0	0.0	0.0	0.0	0.0	-1.3377	-0.3155	0.0	-0.32144	0.0	0.0017007	0.0	-0.22351	0.0	5.362	0.0	0.074052	0.94423	0.0	0.0	0.0	66.424	0.0	0.0	-0.30313	0.0	-0.15376	-1.2821	-10.969	0.0	0.0	-0.8794	-33.58	-0.0015332	-49.346	0.0	0.0	0.0	0.0	-0.59278	-15.765	0.0	0.0	-18.246	0.0	0.013663	0.0	0.0	-5.2845	0.0	0.0	0.0	0.0	-0.033015	0.054899	0.0	0.0	0.0	-0.0011874	0.0	0.0	0.0	0.0	-20.932	0.093113	-0.00049751	0.0	0.0	0.0	0.011084	0.0	0.060025	-1.6793	-38.319	-0.0016185	0.0	0.0	0.0	-0.28252	-2.0846	0.0	0.051145	0.0	-0.029697	0.0	0.0	0.0	-0.0014131	3.0381	0.0	-0.060943	-9.5319	2.397	0.0	-0.084396	-147.41	-27.771	-48.981	0.0	0.0	-0.0313	0.19137	-0.057701	0.0	0.0	-19.165	0.0	0.0	0.0	0.0	131.48	0.16555	0.67709	0.16339	0.0
SBS7c	0.0	0.0	0.0	1.3653	0.0	0.0	0.0	0.0	0.0	0.0	7.2826	0.0	0.0	0.0	-18.029	0.0	0.0	-0.026825	-0.018056	0.0	0.0	0.0	0.0	0.0	-0.17231	0.0	0.0	0.0	0.0	-25.952	0.06755	-0.082754	-11.888	0.0	-2.3043	0.0	0.0	0.0	0.0	0.0	-0.12309	0.0	0.0	0.0	0.0	-2.9671	0.0	0.0	0.0	0.0	0.0	0.70471	0.0	0.0	0.0	0.0	-0.057852	0.0	0.41608	0.0	0.0	0.0	0.079839	0.0	0.0	0.0	-15.775	0.0	-26.62	-0.51841	0.0	-10.512	0.0	28.135	6.4107	0.0	0.0	-10.12	0.0	0.0	-42.357	0.0	-17.673	-12.324	-12.743	0.0	-20.62	-5.5289	0.0	0.21572	0.0	-13.908	0.0	-65.634	0.67877	8.8285	0.0	21.931	35.468	0.0	0.0	-0.007007	0.0	0.0	0.0	0.0	0.0	0.0	0.64062	0.0	0.0	0.0	0.0	0.0	-0.092217	0.0	-3.026	38.541	0.0	0.32917	-0.044251	0.0	0.0	-23.865	0.0	0.0	0.0	0.0	-0.16486	0.22005	-2.3979	-0.068318	0.0	0.081311	0.0	0.0	-21.764	-2.1288	0.0	0.0	0.0	0.0	30.542	0.0	-33.024	-14.173	0.0	0.0082636	-81.579	-94.782	15.898	0.0	0.0	0.0	0.0	0.0	0.043659	0.0	-15.321	0.0	0.0	0.0	0.0	2.494	0.0	-9.8301	-0.040645	0.0	-0.041395	0.0	0.0	0.0025677	-13.923	0.0	0.0	0.0	0.0	0.0	0.0	0.0	-0.050601	0.0	0.0	0.0060299	0.0	-0.045038	0.0	0.0	0.0	-0.001177	-9.9342	0.0	0.0	-3.8518	0.0	0.0	0.0	-97.96	0.0	0.0	-4.4524	0.0	-30.232	-0.10109	0.029341	-0.10561	0.0	0.0	0.0	0.0	0.0	0.0	141.25	0.011389	-0.16129	0.0	0.0
SBS7d	-13.463	0.0	-0.0011567	1.2674	0.0	0.0	-0.55598	0.0	0.0	0.045901	0.76052	0.0	-14.064	0.0	-20.555	-0.010127	0.0	-0.052476	-0.060383	0.0	0.0	0.0	0.0	0.0	-0.27035	0.0	0.0	0.0	-29.381	-30.256	0.049423	-0.16319	-11.247	0.0	-0.91939	0.0	-0.0015545	0.0	0.0	-50.598	-0.31467	0.0	0.0	0.0	0.0	-0.080668	0.0	-0.061993	0.0	0.0	0.0	0.0	0.0	0.0	0.0	0.0	-0.054981	-10.244	-274.72	0.0	0.0	-0.011557	0.0	0.0	0.0	-0.098399	-0.088309	0.0	-31.151	-0.12969	0.0	-9.9281	0.0	0.0	-1.1389	0.0	-6.575	-9.9631	0.0	-3.2347	-34.524	0.0	42.935	61.959	-5.4084	0.0	3.3509	0.0	0.0	0.66197	-0.13768	-5.4788	-0.16422	-18.788	-0.75064	1.961	0.0	6.1257	-125.43	0.0	0.0	0.0	0.0	0.0	0.0	0.0	0.0	-1.3377	0.018426	0.0	0.21352	0.0	0.0	0.0	-0.045043	0.0	-22.38	-0.39265	0.0	-0.12004	0.0	-12.338	-3.2999	-32.162	0.0	-136.73	-0.080925	0.0	-0.65749	0.56073	7.9267	0.31699	0.0	-0.026911	-33.58	-0.0015332	-83.978	-4.0548	0.0	0.0	0.0	-0.59278	-4.2861	0.0	0.0	-16.589	0.0	0.012205	-17.439	-13.475	4.229	0.0	0.0	0.0	0.0	-0.033015	0.043086	0.0	0.0	0.0	-0.0011874	0.0	0.0	2.171	0.0	9.5597	0.049512	-0.00049751	0.0	0.0	0.0	0.0071706	1.2951	0.0	-1.6793	0.24261	-0.0016185	0.0	0.0	0.0	0.21264	-2.0846	0.0	0.0	0.0	-0.083632	0.0	0.0	0.0	-0.0016465	-9.4669	0.0	-0.060943	-9.4885	0.0	0.0	-0.084396	8.557	-27.771	-48.981	0.0	0.0	-0.0313	-0.00097634	0.030643	0.23496	0.037333	-19.165	0.027006	0.0	0.0	0.0	-51.62	-0.044594	-0.52571	0.0	0.0
SBS8	0.74134	0.0	0.0077098	0.0	0.0	0.0	-25.415	0.0	0.0	0.0	0.0	0.0	0.0	0.0	0.0	0.0	0.086934	0.0	0.13436	0.0	0.0	0.0	0.0	0.0	-0.36688	0.0	0.0	0.0	0.0	0.0	-0.14525	0.0	0.0	0.0	0.0	0.0	0.0	0.0	0.0	0.0	0.0	0.059919	0.0	0.0	0.0	0.0	0.0	0.0	0.0	0.0	0.0	0.087352	0.0	0.0	0.0	0.0	-0.04778	0.0	0.0	0.0	0.0	0.0	0.0	0.0	0.0	0.0	2.8278	0.0	0.0	-3.1287	0.0	0.0	0.0	-0.043995	-0.67606	0.0	0.0	0.0	0.0	0.0	0.0	-8.6296	0.0	0.0	0.0	-0.003082	0.0	0.0	0.0	0.14385	0.0	0.0	0.0	0.0	-0.31012	0.0	0.0	-0.83127	0.0	-0.035192	0.0	0.0	0.0	0.0	0.0	0.0	0.0	-0.21021	0.0	-21.892	0.0	0.0	0.0	0.0	-0.12311	-0.082458	0.0	14.577	0.0	-0.22677	0.0	0.0	0.0	6.46	0.0	0.0	0.090315	0.0	-0.77808	0.0	0.0	0.0	0.0	-0.21035	0.0	0.0	0.0	0.66091	0.0	0.0	0.0	0.0	15.664	0.0	0.0	0.0	0.0	0.0	0.0	-26.105	0.0	0.0	0.0	0.0	0.0	-24.049	0.042178	-0.35186	-7.4621	0.0	0.0	0.0	0.0	0.0	0.0	0.0	0.0	0.0	-0.055909	0.0	0.0	-0.0017232	0.0	0.0	0.0	0.0	0.0	0.0	0.0	0.0	-0.073804	0.0	0.0	0.0	0.0	-0.046965	0.0	0.0	0.0	0.0	0.0	0.0	0.0	0.0	0.067092	0.0	0.0	0.0	0.0	0.0	0.0	0.0	0.081667	0.0	0.07728	141.66	0.0	0.0	0.0	0.0	0.0	0.0	0.0	0.16535	0.0	0.08193	-0.016899
SBS9	0.0	0.0	0.0	0.0	0.61892	0.033001	0.0	0.0	0.0	0.0	0.0	0.0	0.0	0.0	0.0	0.0	0.0	0.0	0.0	0.0	0.0	0.0	0.0	0.0	0.0	0.0	0.0	0.0	0.0	0.0	0.0	0.0	0.0	0.0	0.0	0.0	0.0	0.0	0.0	0.0	0.0	0.0	0.0	0.0	0.0	0.0	0.0	0.0	0.0	-21.531	0.0	0.0	0.0	0.0	0.0	0.0	0.0	0.0	0.0	0.0	0.0	0.0	0.0	0.0	0.0	0.0	0.0	0.0	0.0	0.0	0.0	-19.375	0.0	0.0	0.0	0.0	0.0	0.0	0.0	0.0	0.0	0.0	0.0	0.0	0.0	0.0	0.0	-2.4951	0.0	0.0	0.0	0.0	0.0	0.0	0.0	0.0	0.0	0.0	0.0	0.0	0.0	0.0	0.0	0.0	0.0	0.0	0.0	0.0	0.0	0.0	0.0	0.0	0.0	0.0	0.057077	0.0	-0.0018144	0.0	0.0	0.0	0.0	0.0	0.0	0.0	0.0	0.0	0.0	0.0	-0.49353	0.0	0.0	0.0	0.0	0.0	0.0	0.0	0.0	0.0	0.0	0.0	0.0	-0.49944	0.0	0.0	0.0	0.0	0.0	0.0	-66.268	0.0	0.0	0.0	0.0	0.0	0.0	0.0	-0.061634	0.0	0.0	0.0	0.0	0.0	0.0	0.0	0.0	0.0	0.0	0.0	0.0	0.0	0.0	0.0	0.0	0.0	0.0	0.0	0.0	0.0	0.0	0.0	0.0	0.0	0.0	0.0	0.0	0.0	-38.799	0.0	0.0	0.0	-0.14152	0.0	0.0	0.0	0.0	-0.17063	0.0	0.0	0.0	0.0	0.0	0.9028	0.0	0.0	-0.036274	0.0	0.0	0.0	0.0	0.0	0.0	0.0	0.0	0.0	0.0	0.0	0.0
SBS10a	-2.8454	0.0	-0.0016026	-0.029887	0.0	0.0	-61.382	0.0	0.0	0.0	-1.9499	0.0	-13.619	0.0	107.54	-0.0093115	-0.18834	-0.026389	-0.04364	0.0	0.0	-10.671	0.0	0.0	0.27521	-26.261	0.0	0.0	-22.991	-5.6353	-0.66669	0.36663	-4.2593	0.0	-1.6093	0.0	0.01764	0.0	-56.479	-0.93893	0.30265	-0.042052	-0.41913	0.03671	-3.7521	0.0	0.0	0.0	-0.0033557	48.802	-61.726	0.0	0.0	0.0	0.0	-0.061873	-0.085783	-10.35	-103.96	0.0	0.0	0.0	-0.013934	0.0	0.0	-0.11894	0.0	0.0	-40.656	-5.3165	0.0	-0.25611	0.0	0.6807	-0.17331	-14.241	19.862	0.0	-0.018643	0.0	-45.913	-14.139	99.159	13.982	-1.3318	-0.0017923	-0.50211	-6.6597	0.0	-0.18516	0.0	-0.0051446	-0.68125	-37.965	0.0	0.0	-4.5265	-2.5186	-2.3516	0.0	-1.6505	0.016786	0.0	-9.4605	0.0	0.0	0.0	-4.1965	-0.43692	-3.8724	-0.42411	0.0	0.0	0.0	-0.14322	-0.026884	0.0	0.0	0.0	-0.38483	0.0	-14.971	1.2276	-9.1044	0.0	-13.357	6.1677	53.645	-0.72876	-0.14082	0.0	0.0	0.0	-0.13241	-18.997	-0.0015135	-0.64636	-0.58612	-0.61419	0.0	0.0	-3.6326	-16.998	-5.2797	-19.952	-17.561	-0.048364	-0.0021337	-153.45	-38.565	-5.7773	0.0	0.0	0.0	0.0	-9.6885	0.0	-0.14856	-11.314	-4.2002	-0.0020037	0.0	0.0	-0.13743	-0.030927	32.943	0.0	-0.00049634	0.022267	0.0	0.0	-0.0012405	0.0	0.0	-2.7028	-0.19485	-0.0016104	0.0	-0.0023395	0.0	0.15517	-1.3991	0.0	0.0	-9.6166	-0.032221	-23.414	0.0	0.0	-0.0011914	0.0	0.0	-0.069347	-3.129	0.0	0.0	-0.13563	-150.57	-5.7825	0.0	-16.132	0.0	-9.8595	-0.021013	-0.043563	-6.6926	0.0	70.636	0.0	0.0	0.0	0.0	0.0	-0.041786	-0.36418	0.0	0.0
SBS10b	0.23608	0.0	-0.0011505	-0.029887	0.0	0.0	48.007	-1.0591	0.0	0.0	0.0	0.0	-13.619	0.0	60.164	-0.0093115	0.12505	-0.13186	-0.12668	0.0	0.0	-24.471	0.0	0.0	-0.89446	-34.328	0.0	0.0	-20.963	-2.1155	0.0	-0.33567	0.0	0.0	0.22927	0.0	0.01764	0.0	94.35	-0.93893	0.25009	0.093922	-0.55444	0.0	120.02	-0.070514	0.0	-0.16302	-0.0035734	36.652	-61.726	0.086446	0.0	0.0	0.0	-0.076227	0.01871	-10.35	21.247	0.0	0.0	0.078454	-0.0091808	0.0	-0.84089	-0.11894	-0.26895	0.0	0.0	-10.758	0.0	70.203	0.0	-0.59018	0.0	-32.984	19.862	-10.12	-0.025492	0.0	0.0	0.0	9.6983	-51.574	-2.8058	0.0	-2.0785	-6.6597	0.0	0.32354	-0.63064	0.0	-0.68125	0.0	0.0	0.81691	-2.7284	-6.4098	0.0	0.0	-1.755	0.050987	0.0	67.102	0.0	0.0	0.0	-6.7608	0.0	0.0	1.0446	0.0	0.0	0.0	0.012413	-0.065312	0.2889	-0.18035	0.0	-0.026014	0.0	-5.1399	9.7706	-0.45387	0.0	-1.4931	-7.4522	-29.544	-0.055754	-0.23999	0.0	-0.11036	0.0	-0.51361	-18.997	-0.0015135	-5.3665	-0.87629	-0.63996	0.0	0.030099	0.60166	0.6936	-5.2251	-19.952	-1.7626	-0.048364	-0.0027843	18.345	0.0	-5.7986	0.0	0.0	0.0	0.0	0.0	0.012418	0.0	-4.0732	-4.7105	-0.0021362	0.0	0.0	0.0	-0.028509	-3.6606	0.0	-0.00049634	0.0	0.0	0.0	-0.0010204	0.0	0.0	-2.7028	-4.3032	-0.0016104	0.0	-0.0031077	0.0	0.041992	-1.1016	0.0	0.0	-8.5049	-0.031943	1.2624	0.0	0.0	-0.0016706	0.0	0.0	-0.069347	-0.054096	0.0	0.0	-0.13563	-180.04	-5.7825	0.0	-16.132	0.0	-23.674	-0.021013	0.06029	0.0	0.065786	70.636	0.044483	-0.64895	0.0	0.0	-124.97	-0.10321	0.030293	-0.019701	0.0
SBS11	-1.4476	0.0	0.0	0.0	0.0	0.0	0.0	0.0	0.0	0.0	-3.0948	0.0	0.0	0.0	-6.739	0.0	0.0	0.0	0.0	0.0	0.0	0.0	0.0	0.0	-0.21013	0.0	0.0	0.0	-28.536	0.0	26.361	-0.83911	0.0	0.0	-0.52635	0.0	0.0	0.0	0.0	0.0	-0.10274	0.0094735	0.0	-0.12156	0.0	0.16828	0.0	0.0	0.0	0.0	-60.556	0.0	0.0	0.0	0.0	0.0	0.12879	0.0	-37.742	0.0	0.0	0.0	0.0	0.0	0.0	0.0	0.0	0.0	-30.151	-0.021189	0.0	0.0	0.0	0.0	0.96942	0.0	0.0	0.0	0.0	0.0	-5.6872	0.0	-13.775	-11.314	-0.12023	0.0	-4.7442	-2.9064	0.0	0.3509	-0.051812	-3.4826	0.0	-31.439	-0.16435	0.0	0.0	32.201	-38.122	0.0	0.0	-0.0075834	0.0	0.0	0.0	0.04382	0.0	0.0	-1.2275	-26.391	0.0	0.0	0.0	0.0	-0.080523	0.0	-16.584	0.0	0.0	-0.20733	0.0	-0.34639	-12.804	0.0	0.0	-13.096	0.0	-7.4962	-0.38045	-0.4946	0.0	-0.12159	0.0	-0.18244	0.0	0.0	-15.565	-0.15542	0.0	0.0	0.0	0.0	0.0	0.0	-39.147	0.0	-0.07313	-0.0009698	-70.707	0.0	-3.8912	0.0	0.0	0.0	0.0	0.0	-0.058821	0.0	-21.327	0.0	0.0	0.0	0.0	-0.2813	0.0	-9.789	0.0	0.0	0.073676	0.0	0.0	-0.001037	0.0	0.0	0.0	-6.7048	0.0	0.0	0.0	0.0	-0.12398	-1.3744	0.0	0.0	0.0	-0.051362	0.0	0.0	0.0	-0.0010071	-42.138	0.0	0.0	-2.0275	0.0	0.0	0.0	-1.453	0.0	0.0	-15.422	0.0	-0.066012	0.0	-0.12931	0.0	0.0	0.0	-0.043496	0.0	0.0	0.0	0.0	0.0	-0.16968	0.0	0.0
SBS12	0.0	0.0	0.0	0.0	0.0	0.0	0.0	0.0	0.0	0.0	0.0	0.0	0.0	0.0	0.0	0.0	0.0	-0.037094	0.0	0.0	0.0	0.0	0.0	0.0	0.0	0.0	0.0	0.0	0.0	0.0	0.0	0.0	0.0	0.0	0.0	0.0	0.0	0.0	0.0	0.0	0.0	0.0	0.0	0.0	0.0	0.0	0.0	0.0	0.0	0.0	0.0	0.0	0.0	0.0	0.0	0.0	0.0	0.0	0.0	0.0	0.0	0.0	0.0	0.0	0.0	0.0	0.0	0.0	0.0	0.0	0.0	0.0	0.0	0.0	0.0	0.0	0.0	-10.12	0.0	-1.9477	0.0	0.0	0.0	0.0	0.0	0.0	0.0	0.0	0.0	0.0	0.0	0.0	0.0	0.0	0.0	0.0	0.0	0.0	0.0	0.0	0.0	0.0	0.0	0.0	0.0	0.0	0.0	0.0	0.0	0.0	0.0	0.0	0.0	0.0	-0.057788	0.0	0.0	0.0	0.0	0.0	0.0	0.0	0.0	0.0	0.0	0.0	0.0	0.0	-0.85722	0.0	0.0	0.0	0.0	0.0	0.0	0.0	0.0	0.0	0.0	0.0	0.0	0.0	0.0	0.0	0.0	0.0	0.0	-0.00090264	0.0	0.0	0.0	0.0	0.0	0.0	0.0	0.0	0.0	0.0	0.0	0.0	0.0	0.0	0.0	0.0	0.0	0.0	0.0	0.0	0.0	0.0	0.0	0.0	0.0	0.0	0.0	0.0	0.0	0.0	0.0	0.0	0.0	0.0	0.0	0.0	0.0	0.0	0.0	0.0	0.0	-0.0010173	0.0	0.0	0.0	0.0	0.0	0.0	0.0	0.0	0.0	0.0	0.0	0.0	0.0	0.0	-0.085057	0.0	0.0	0.0	0.0	0.0	0.0	0.0	-140.63	0.0	0.0	0.0	0.0
SBS13	-0.081243	0.0	0.013858	-0.47173	-0.44139	0.0	1.7342	0.0	0.019976	0.0	0.0050145	0.18452	28.049	0.0	4.2374	0.077253	0.0	-0.029787	-0.16507	0.076937	0.0	-30.049	0.0	0.0	0.44351	32.138	0.0	0.0	3.5698	-2.7069	-0.058055	-0.18527	0.087216	5.1629	-1.4945	0.0	0.012204	0.0	-3.7237	10.843	-0.33556	0.09176	-1.452	0.0	-22.534	-0.15076	0.66024	-0.0058917	-0.0076445	-19.171	0.0	0.10541	30.73	0.0	0.098744	0.29542	0.0255	8.8768	12.395	0.034409	0.0	0.12281	0.01316	0.0	4.1019	0.14437	0.0	0.0	-58.576	0.12892	0.0	-0.020913	0.0	0.0	0.88198	-0.78477	-0.048084	0.0	0.032859	0.0	7.2994	-1.2224	-53.688	-76.242	-0.52664	-0.0044918	-11.217	-0.12928	0.0	-0.24588	-0.42671	-0.94905	4.172	44.442	0.4114	-0.21571	0.0	5.6746	-0.71585	0.0	-2.3275	-0.02194	0.0	146.5	0.0	0.0519	0.039794	0.079019	-0.32764	-1.8244	2.3606	0.0	0.0	0.0	0.11976	0.11304	-0.37471	-0.21284	0.039857	0.41043	0.0	0.0	0.0	0.089948	0.0	11.913	0.082672	4.035	0.87772	0.48379	-50.693	0.28556	0.0	0.15254	2.5235	0.021909	8.2048	0.0	2.2631	0.0	0.0	-0.46343	0.62969	27.028	5.434	35.349	0.3224	-0.0041345	0.21839	0.0	-0.28311	0.0	0.0	0.0	0.0	0.44257	-0.045572	-0.63843	-0.85106	-0.39907	-0.00062734	0.0	0.017275	0.0	0.19722	-30.01	0.0	0.0036079	0.0	0.37599	0.0	-0.0025003	-37.276	0.0	0.0	0.0	0.010803	0.0	0.010236	1.0624	-0.18199	-1.6684	0.0	0.0	-1.5954	-0.0039713	4.9398	0.0	0.0	0.0033419	-0.17309	0.0	0.57459	-0.61577	0.0	-4.3594	-0.01662	-2.199	-0.84056	0.0	0.38004	-0.39089	0.093934	0.23966	0.041729	0.13295	0.03631	0.0	0.1365	0.0	0.0	0.0	0.0	-0.13803	-0.21961	0.0	0.0
SBS14	-0.66155	0.0	0.0	-2.9213	0.0	20.042	345.88	0.10601	0.0	0.0	-0.26787	0.0	0.0	0.0	-12.407	0.0	-0.052742	-0.078434	-0.25778	0.0	0.0	217.76	0.0	0.0	0.0	-45.834	0.0	0.0	0.0	0.0	18.483	0.0	-0.22713	0.0	0.23752	0.0	0.0	0.0	-17.632	0.0	0.0	-0.079103	-1.415	0.0	-17.945	0.0	0.0	1.4338	-0.0023826	-23.319	0.0	0.0	0.0	0.0	0.0	-0.084444	-0.031507	0.0	-111.1	0.0	0.0	-0.042648	-0.012507	0.0	0.0	0.0	-3.3448	0.0	0.0	0.0	0.0	-23.605	0.0	0.0	-0.82345	-65.015	0.0	-13.768	-0.014045	-0.081536	0.0	0.0	0.0	0.0	0.0	0.0	-9.2139	0.0	0.0	0.31787	0.0	-5.4041	0.0	-41.684	-0.27496	0.0	-5.8833	-10.865	-6.9206	0.0	6.1568	-0.015236	0.0	-59.228	0.0	0.0	0.0	0.0	-0.17494	0.0	0.0	0.0	0.0	0.0	0.094362	0.0	-13.519	-1.5062	0.0	0.64423	0.0	-0.14749	-20.03	-0.052341	0.0	-26.179	-0.060724	-35.476	-0.62392	-0.98543	-57.202	-0.083039	0.0	-0.57428	0.0	0.0	-34.667	-1.3699	-2.8336	0.0	0.0	-0.59278	0.0	-25.41	0.0	79.572	0.0	-0.00099036	0.0	-126.03	-6.3633	0.018069	0.0	0.0	0.0	0.0	0.023265	0.0	-11.269	-0.50476	-0.0014441	0.0	0.0	-0.43593	0.0	0.0	0.039471	0.0	0.0	0.0	0.0	-0.0010733	-67.437	0.0	0.0	-2.9701	0.0	0.0	-0.001921	0.0	0.033589	0.0	0.0	0.0	-34.428	0.068338	-117.75	0.0	0.0	0.0066253	-3.4595	0.0	0.0	-2.0267	0.0	0.0	0.0	-85.793	0.0	0.0	0.0	0.0	-11.405	0.12885	-0.18922	-15.046	0.047621	0.0	0.0	-1.8179	0.0	0.0	-125.22	0.0	0.0	0.0	0.0
SBS15	0.16425	0.0	-0.00097539	-2.9965	-0.88387	3.761	-1.9752	0.12415	0.0	0.0	-0.48182	0.0	-13.739	0.0	11.436	-0.0099758	0.0	0.097056	-0.25108	0.0	0.0	-5.7877	0.0	0.0	-2.1163	8.9772	0.0	0.0	-34.611	-3.0638	0.11026	0.0	0.10222	0.0	-0.17539	0.0	-0.0015469	0.0	-32.465	-56.979	0.1222	0.0	0.81852	0.0	0.0	-0.063536	0.0	0.12861	0.012853	0.0	112.76	0.0	0.0	0.0	0.0	0.03612	-0.032768	-9.5093	34.675	0.0	0.0	0.0	0.0	0.0	-0.69845	-0.15736	-1.0422	0.0	-3.8664	0.092473	0.0	0.085492	0.0	-0.046813	-1.1215	4.3263	-5.5136	-2.684	-0.023543	3.2385	0.0	-24.748	22.058	-5.3051	-1.3507	0.021861	20.616	0.0	0.0	-0.54039	0.2213	-0.29109	-0.95468	19.276	0.22413	0.0	-4.79	0.37742	11.38	0.0	0.0	0.099096	0.08862	55.79	0.0	0.0	0.0	26.274	-0.29104	-2.4376	-1.1697	0.0	0.0	0.0	-0.070865	0.073182	0.022236	-0.84187	-0.080699	-0.52934	0.0	-9.4644	0.0	0.0	0.0	23.371	-0.51821	2.943	-1.3154	0.0	-106.02	0.10728	0.0	0.0	-22.7	-0.0015331	-1.7533	-1.7603	0.30126	0.0	0.0	1.1925	-6.9678	17.746	-31.482	1.6711	-0.29502	-0.002355	11.913	-0.39285	11.911	0.0	0.0	0.0	0.0	-3.2338	-0.039653	-0.79898	-17.606	0.0	0.014168	0.0	0.0	0.0	-0.13891	-2.6543	0.042223	-0.00049669	0.0	0.0	0.0	0.00060412	0.0	0.0	0.0	0.064388	-0.0016163	0.0	-0.0042685	-16.109	-0.27588	-2.8986	0.069358	0.0	-5.2165	-0.053741	2.2782	0.16589	0.0	-0.0015248	0.0	0.0	-0.14445	-1.0007	-0.31391	2.1392	-0.025189	5.7802	-15.281	0.0	0.0	-0.058357	-0.19448	-0.02313	-0.20386	-0.11185	0.063258	-13.653	0.0	-21.531	0.0	0.32677	2.9805	-0.1099	0.44568	0.13242	-0.021701
SBS16	-0.17779	0.0	0.0	0.0	0.0	0.0	0.0	0.0	0.0	0.0	-0.15101	0.0	0.0	0.0	-4.063	0.0	0.0	0.0	0.058886	0.0	0.0	0.0	0.0	0.0	-0.2932	0.0	0.0	0.0	0.0	0.0	0.092203	-0.1726	0.0	0.0	-0.5557	0.0	0.0	0.0	0.0	0.0	0.25901	0.16901	0.0	0.0	0.0	-0.27913	0.0	0.0	0.0	0.0	0.0	0.0	0.0	0.0	0.0	0.0	-0.050864	0.0	-53.095	0.0	0.0	0.0	0.0	0.0	0.0	0.0	0.15838	0.0	-30.131	0.0	0.0	0.0	0.0	0.0	-2.4208	0.0	0.0	0.0	-0.0023599	0.0	-33.076	0.0	-14.376	-6.7422	-0.96864	0.0	-6.1792	0.0	0.0	0.69517	-0.057576	0.0	0.0	-48.321	0.0	0.0	0.0	-5.2335	-7.313	0.0	0.0	0.0	0.0	0.0	0.0	0.0	0.0	0.0	0.0	0.0	-1.7454	0.0	0.0	0.0	-0.097046	0.13274	146.06	0.072302	0.0	0.0	0.0	-5.2906	31.047	0.090164	0.0	-17.12	0.0	0.0	-0.83838	0.0	0.0	-0.1571	0.0	0.175	0.0	0.0	23.105	-0.16767	0.0	0.0	0.0	0.0	12.132	0.0	0.0	-21.107	0.0	-0.0034948	-39.644	0.0	-1.1643	0.0	0.0	0.0	0.0	0.0	0.0	0.0	0.0	0.0	0.0	0.0	0.0	-0.44241	0.0	-5.3119	0.0	0.0	0.047101	0.0	0.0	0.0	0.0	0.0	0.0	0.077662	0.0	0.0	0.0	0.0	-0.10038	0.0	0.0	0.0	0.0	0.046813	0.0	0.0	0.0	0.0	0.0	0.0	0.0	2.8639	0.0713	0.0	0.0	-93.63	0.0	0.0	0.0	0.0	-0.13147	0.0	0.14015	0.13515	0.043147	0.0	0.017768	0.0	0.0	0.0	0.0	0.0	-0.24574	0.0	0.0
SBS17a	-0.18977	0.0	-0.0011137	-2.6539	-0.25676	0.0	-19.863	0.0	0.0	0.0	0.51965	0.0	0.0	0.0	3.7402	0.0	0.0	-0.0214	-0.34345	0.0	0.0	0.0	0.0	0.0	-0.94233	0.0	0.0	0.0	-12.438	0.0	0.0	0.0	0.23328	0.0	-0.12003	0.0	0.0	0.0	-7.5959	0.0	-0.10009	-0.061943	0.0	0.0	0.0	0.0	0.0	0.0	0.0	2.7768	-68.137	0.0	0.0	0.0	0.0	0.0	0.0053766	0.0	-108.75	0.0	0.0	0.0030513	0.072139	0.0	0.0	0.0	-0.37903	0.0	-26.868	-0.24015	0.0	0.0	0.0	0.0	-1.9656	0.0	0.0	-10.12	0.025	-0.033427	-9.9489	-14.139	-11.266	-12.557	0.0	-0.0017923	-9.2186	0.50105	0.0	-0.83432	-0.026827	-5.3611	0.0	-28.728	0.0	0.0	0.0	5.0566	2.9948	0.0	0.0	-0.0080857	0.0	0.0	0.0	0.0	0.0	0.0	2.7898	-28.594	0.54069	0.0	0.0	0.0	-0.10588	0.0	-0.057815	-0.62218	0.0	-0.31711	0.0	0.0	-22.323	0.0036879	0.0	-23.664	0.15498	-21.988	-0.90595	-0.7895	-77.375	-0.052792	0.0	-0.34095	0.0	0.0	-20.067	-0.79256	0.0	0.0	0.0	7.0793	1.6946	59.03	13.455	0.0	-0.060928	0.0016154	41.957	-40.079	-5.6879	0.0	0.0	0.0	0.0	-55.756	0.21144	-0.14856	1.2202	0.0	0.0	0.0	0.0	-0.088041	0.0	-9.6246	0.0	0.0	-0.26861	0.0	0.0	0.0090784	-9.8748	0.0	0.0	-8.1392	0.0	0.0	-0.0049461	0.0	0.24416	-10.788	0.0	0.0	0.0	-0.047175	84.865	0.0	0.0	0.0072564	-0.38297	0.0	0.0	-4.6826	-0.11188	-1.1698	0.0	-6.3013	0.0	0.0	-17.388	-1.0976	-0.37249	-0.030868	-0.15454	0.0	0.0	0.0	0.0	0.0	0.0	0.0	-126.56	-0.041786	-0.16464	0.0	0.0
SBS17b	0.0	0.0	0.0	-2.4766	0.27553	0.0	0.0	0.0	0.0	0.0	-0.62175	0.0	0.0	0.0	0.0	0.0	0.11384	-0.0214	0.16262	0.0	0.0	0.0	0.0	0.0	-0.57811	0.0	0.0	0.0	-12.696	0.0	-0.19075	0.0	-0.28577	0.0	-0.14265	0.0	0.0	0.0	4.7069	0.0	-0.07264	-0.028718	0.0	0.0	0.0	0.0	0.0	0.0	0.0	0.0	-69.095	0.0	0.0	0.0	0.0	0.0	-0.0013847	0.0	0.0	0.0	0.0	0.0	0.12666	0.0	0.0	0.0	-1.1665	0.0	-36.116	0.063379	0.0	11.382	0.0	0.0	0.0	0.0	0.0	-10.12	0.02855	-0.033427	-9.4314	0.0	-17.673	0.37608	0.0	0.0	0.0	-0.62505	0.0	0.0	0.0	-4.0796	0.0	0.0	0.0	0.0	0.0	-20.884	0.0	0.0	0.0	-0.0064582	0.0	0.0	0.0	0.0	0.0	0.0	-4.2891	-24.958	-1.6452	0.0	0.0	0.0	0.13117	0.0	0.0	0.4925	0.063328	-0.12055	0.0	0.0	0.0	-0.22809	0.0	0.0	-0.20329	-21.16	-0.77558	-0.64316	-26.426	0.0	0.0	0.17978	0.0	0.0	-23.78	0.0	0.0	0.0	0.0	4.8628	-12.146	23.866	-43.267	0.0	0.0	0.0068394	-100.51	0.0	0.0	0.0	0.0	0.0	0.0	-46.509	-0.061451	0.0	-1.4698	0.0	0.0	0.0	0.0	0.0	0.0	-9.789	0.12217	0.0	-0.22	0.0	0.0	0.0096466	-22.062	0.0	0.0	3.2995	0.0	0.0	-0.0041707	0.0	0.42506	-10.963	0.0	0.0	0.0	-0.03205	-45.797	0.0	0.0	0.007219	0.0	0.0	0.0	-2.9879	-0.19513	1.8089	0.0	-13.368	0.0	0.0	-16.324	0.83369	-0.10953	-0.043417	0.076636	-0.58957	0.0	0.0	0.0	1.7851	0.0	0.0	-126.56	0.0	-0.15524	0.0	0.0
SBS18	-1.1208	0.0	0.00056021	-0.060849	0.0	0.0	-15.065	-0.070618	0.0	0.0	-5.3088	0.0	-10.266	0.0	-2.5394	-0.01803	0.0	-0.047056	-0.082608	0.0	0.0	0.0	0.0	0.0	-0.34375	0.0	0.0	0.0	2.0564	-2.4705	-0.091228	0.0	-4.2089	0.0	-0.54528	0.0	-0.0025596	0.0	0.0	12.571	0.0	-0.060534	0.0	0.0	0.0	0.0	0.0	-0.19439	0.0	0.0	-63.098	0.038995	0.0	0.0	0.0	0.0	-0.019352	-3.38	-78.658	0.0	0.0	-0.038333	0.0	0.0	0.0	-0.29803	-0.12829	0.0	0.0	5.2672	0.0	-17.91	0.0	-0.060015	0.0	0.0	-1.7287	0.0	-0.02327	0.0	-8.3096	-9.8259	0.0	0.0	0.0	-0.0026014	-9.2139	-0.12212	0.0	-0.289	-0.016736	-3.2839	-0.46693	-27.208	0.0	0.0	0.0	-1.1146	-1.1995	0.071449	0.0	-0.0079656	0.0	0.0	0.0	0.0	0.0	0.9603	-2.6685	-12.962	-0.70214	0.0	0.0	0.0	-0.012517	0.0	-0.031279	-0.1322	0.0	-0.35058	0.0	-3.7326	-13.712	-0.042019	0.0	-24.485	-0.098215	-1.9018	-2.386	-0.34267	0.0	-0.091157	0.0	0.0	-9.2882	-0.0025456	-2.9965	-0.69063	0.0	0.0	0.0	-0.40421	-1.8258	0.0	-23.312	0.0	-0.1155	0.0012036	-17.269	0.0	-1.4373	0.0	0.0	0.0	0.0	-9.8204	0.0	-0.31513	-14.358	0.0	-0.0019626	0.0	0.0	-0.72375	0.0	0.0	0.0	-0.00082124	0.0070063	0.0	0.0	0.0045897	0.0	0.0	-0.95069	-14.671	-0.0026846	0.0	0.0	-6.497	-0.090512	-1.6032	0.0	0.0	0.0	0.04304	0.0	0.0	0.0	-0.0018434	-0.087652	0.0	-0.18401	0.0	0.0	0.0	-0.15312	0.0	-8.246	-23.593	-16.151	0.0	0.073508	-0.049598	0.087812	-0.080542	-0.02307	-5.7025	-0.049246	0.0	0.0	0.0	0.0	-0.10165	0.0	0.043345	0.050294
SBS19	-3.2465	0.0	-0.0014109	0.0	0.0	0.0	-1.5051	0.0	0.0	0.0	-0.28346	0.0	-13.756	0.0	-2.8976	-0.012083	-0.055095	0.055092	-0.12685	0.0	0.0	0.0	0.0	0.0	-0.16781	0.0	0.0	0.0	-34.298	-4.1268	0.027137	-0.30704	-49.765	0.0	-0.47687	0.0	-0.0015957	0.0	0.0	-61.497	-0.031418	0.0	0.0	0.0	0.0	0.0	0.0	-0.11158	0.0	-22.474	-20.548	0.0	0.0	0.0	0.0	0.0	-0.063876	-10.133	-54.932	0.0	0.0	0.0	0.0	0.0	0.0	-0.18383	-0.23713	0.0	0.0	-5.9085	0.0	-0.069431	0.0	0.0	-0.38129	0.0	31.474	-7.9811	0.0	0.0	0.0	-5.6876	-0.17163	0.57612	0.0	-0.0018519	-4.8872	-5.829	0.0	0.24105	-0.049426	-5.0865	-1.8917	-51.943	-0.23303	-0.33099	0.0	-3.3671	-5.535	0.0	0.0	-0.0060193	0.0	0.0	0.0	0.0	0.0	-0.4077	-0.66031	-5.524	1.1141	0.032952	0.0	0.0	0.14608	0.10392	-4.7448	-3.2222	0.0	-0.15118	0.0	-7.0367	-13.627	-0.50419	0.0	-14.546	-0.1928	-1.0504	-0.92108	-0.12282	0.0	-0.12881	0.0	-0.36126	-31.735	-0.0015636	-14.227	-1.7076	0.0	0.0	0.0	-0.21842	-3.3956	0.0	-43.149	-20.664	-0.066339	0.0028257	-3.6723	0.98416	-3.2718	0.0	0.0	0.0	0.0	-7.6269	-0.082907	-0.15819	0.0	0.0	-0.0012047	0.081924	0.0	-0.84023	0.0	0.46409	0.0	-0.00050071	0.0	0.0	0.0	-0.0012186	0.0	0.0	-2.048	-4.2388	-0.0016622	0.0	0.0	-17.858	-0.1599	-2.3784	0.0	0.0	0.0	-0.043907	0.0	0.0	0.0	-0.0011895	-8.2322	0.0	-0.096159	-4.2356	0.0	0.0	-0.13151	-187.31	66.74	-55.454	-14.795	0.0	-0.11542	-0.042325	-0.048808	-0.1724	0.0	-7.2307	0.0	0.0	0.0	0.0	1.1533	-0.07633	-0.077966	0.0	0.0
SBS20	21.026	0.059254	0.0	0.0	-0.15995	-0.93297	0.0	0.0	0.0	0.0	-4.6759	0.0	0.0	0.0	7.9392	0.0	0.0	-0.069194	0.0	0.0	0.0	0.0	0.0	0.0	0.0	0.0	0.0	0.0	0.0	0.0	-0.20055	-0.13941	-17.602	0.088044	0.74367	0.0	0.0	0.0	-24.173	0.0	0.0	-0.15235	0.0	0.0	0.0	0.14316	0.0	0.0	0.0	-20.546	0.0	-2.1162	0.39641	0.0	0.0	0.0	0.027402	0.0	633.36	0.0	0.0	0.0	0.033974	0.0	0.0	0.0	0.0	0.0	0.0	0.016913	0.0	-18.231	0.0	0.0	-0.1601	0.0	0.0	-4.7492	0.034242	0.19791	0.0	0.0	0.0	0.0	-13.482	0.0	-22.313	-36.984	0.0	-0.083456	0.14024	-6.2013	0.0	-54.893	-0.4332	24.599	-2.174	-4.8277	0.0	0.0	0.0	0.0	0.0	0.0	0.0	0.065366	0.0	0.0	0.0	0.0	-1.5506	0.0	0.0	0.0	0.13098	0.088746	-0.079318	0.0	0.0	0.0	0.0	-0.12327	-24.7	0.47248	0.0	187.97	0.21014	0.0	0.93491	0.0	0.0	-0.28779	0.0	0.0	0.0	0.0	0.0	-0.11331	0.0	0.0	0.0	0.95329	0.0	10.564	0.0	-23.524	0.0	0.0022537	-31.097	0.0	-6.8346	0.0	0.0	0.0	0.0	0.0	0.008202	0.0	-16.96	0.0	0.0	0.0	0.0	6.2312	0.0	0.0	0.0	0.0	0.0	0.0	0.0	0.0	0.0	0.0	0.0	-35.489	0.0	0.0	-0.0077937	0.0	-0.12054	0.0	0.0	0.0	0.0	-0.032391	10.298	0.0	0.0	-0.0016679	-2.4956	0.0	0.0	0.0	0.0	-0.86135	0.0	0.0	0.0	0.0	0.0	-0.43356	0.10876	0.0	-0.071521	0.0	0.0	0.0	0.061906	0.0	0.0	0.0	3.4661	0.0	0.0	0.0	0.0
SBS21	-1.8704	0.0	0.0	0.0	0.0	0.0	0.0	7.3937	0.0	0.0	47.67	0.0	0.0	0.0	-13.142	0.0	0.0	0.0	0.0	0.0	0.0	0.0	0.0	0.0	0.0	0.0	0.0	0.0	0.0	0.0	-0.043978	-0.14836	0.0	0.0	-0.78005	0.0	0.0	0.0	0.42596	0.0	-0.030987	0.0	0.0	0.0	0.0	0.0	0.0	0.0	0.0	0.0	0.0	0.0	0.0	0.0	0.0	0.0	-0.043589	0.0	-117.41	0.0	0.0	0.0	0.0	0.0	0.0	0.0	0.0	0.0	-26.836	31.317	0.0	0.0	0.0	0.0	-0.19356	0.0	0.0	0.0	-0.017288	0.0	0.0	0.0	-17.673	-12.526	-0.75033	0.0	-9.2139	0.0	0.0	0.0	-0.38519	-0.14731	0.0	-35.176	0.0	2.2224	0.0	-7.7815	-42.987	0.0	0.0	0.0	0.0	0.0	0.0	0.0	0.0	0.0	0.0	0.0	0.0	0.0	0.0	0.0	-0.081811	-0.054782	-23.349	0.0	0.0	0.0	0.0	-38.472	-28.249	-0.060812	0.0	-29.881	2.0151	0.0	0.0	0.0	0.0	-0.079469	0.0	-0.36014	0.0	0.0	-23.673	-0.082608	0.0	0.0	0.0	-1.3574	0.0	-30.086	0.0	-13.008	0.0	0.0041612	0.0	0.0	-4.6627	0.0	0.0	0.0	0.0	0.0	0.16739	0.0	0.0	0.0	0.0	0.0	0.0	-0.20424	0.0	-9.789	0.03754	0.0	0.0	0.0	0.0	0.0	0.0	0.0	0.0	0.0	0.0	0.0	-0.0018847	0.0	-0.047008	0.0	0.0	0.0	0.0	-0.035905	343.65	0.0	0.0	0.0	77.334	0.0	0.0	-1.8125	0.0	0.0	0.0	-0.87744	0.0	0.0	0.0	0.0	0.0	0.0	0.084473	0.0	0.0	0.0	0.0	-0.65939	0.0	0.0	0.0	0.0	-0.094971	0.0	0.075145
SBS22	-1.8257	0.0	0.0	0.0	0.0	-9.2205	0.0	0.0	0.0	0.0	-0.081842	0.0	0.0	0.0	-1.1484	0.0	-0.013802	-0.032007	0.0	0.0	0.0	0.0	0.0	0.0	-0.52089	0.0	0.0	0.0	0.0	0.0	-2.9439	0.0	-24.322	0.0	-0.61482	0.0	0.0	0.0	-17.632	0.0	-0.11971	-0.083039	0.0	0.0	0.0	0.0	0.0	0.0	0.0	3.5488	0.0	0.0	0.0	0.0	0.0	0.0	-0.030842	0.0	-60.677	0.0	0.0	-0.012718	0.0	0.0	0.0	0.0	0.0	0.0	0.0	-11.587	0.0	0.0	0.0	0.0	-4.5899	0.0	0.0	-9.3149	-0.014428	-2.2144	-43.646	0.0	-0.12118	0.37608	0.0	0.0	-9.2142	0.0	0.0	0.0	0.0	-1.4666	0.0	-77.416	-0.30825	0.0	50.658	-7.6493	-3.3288	0.0	0.0	0.0	0.0	0.0	0.0	0.0	0.0	0.0	0.0	0.0	0.0	0.0	0.0	0.0	-0.12094	0.0	-0.066388	0.0	0.0	0.0	0.0	-0.13073	-20.307	-0.069982	0.0	-21.524	-0.07025	0.0	-0.65435	0.0	0.0	-0.085436	0.0	-0.2675	0.0	0.0	-26.173	-3.529	0.0	0.0	0.0	0.25391	0.0	190.83	0.0	0.0	0.0	-0.0017355	-68.207	0.0	-4.7188	0.0	0.0	0.0	0.0	0.0	-0.04888	0.0	-10.85	0.0	0.0	0.0	0.0	-0.97143	0.0	0.32766	0.0	0.0	0.0	0.0	0.0	0.0	0.0	0.0	0.0	-56.332	0.0	0.0	0.016621	0.0	-0.11395	0.0	0.0	0.0	0.0	-0.037451	1317.5	0.0	0.0	-0.0010144	-16.747	0.0	0.0	-0.12797	0.0	0.0	0.0	-6.2479	0.0	0.0	0.0	0.0	-0.076941	0.0	-0.095006	-2.543	0.057221	0.0	0.0	-2.1203	0.0	0.0	1.152	0.0	-0.042428	0.0	0.0
SBS23	-0.18142	0.0	-0.0011542	0.0	0.0	0.0	-6.7361	0.0	0.0	0.0	-0.15133	0.0	-13.756	0.0	-9.3868	-0.0099775	-0.064362	-0.062348	0.0	0.0	0.0	0.0	0.0	0.0	-0.11123	0.0	0.0	0.0	-23.028	-5.6353	-1.8666	-0.19046	-0.044432	0.0	-0.60118	0.0	-0.0015389	0.0	0.0	-50.181	0.0	-0.056051	0.0	0.0	0.0	0.0	0.0	-0.10894	0.0	0.0	0.0	-34.416	0.0	0.0	0.0	0.0	-0.046716	-9.5893	-105.31	0.0	0.0	-0.009783	0.0	0.0	0.0	-0.14532	0.0	0.0	0.0	-14.872	0.0	-0.068602	0.0	0.0	-0.22485	0.0	-5.7818	-14.147	0.0	-0.12991	0.0	0.0	0.0	0.0	-1.0132	0.0	-9.2775	0.0	0.0	-0.23164	0.14879	-7.6967	-1.5185	-29.828	0.0	0.0	0.0	-6.8894	-14.885	0.0	0.0	0.0	0.0	0.0	0.0	0.0	0.0	-11.933	0.0	0.0	-1.6107	0.0	0.0	0.0	0.051279	0.0	0.045826	0.0	0.0	-0.42286	0.0	-9.0123	2.3078	-0.90891	0.0	-27.949	-0.043845	0.0	-0.85703	-0.62785	0.0	-0.081151	0.0	-0.18105	-25.178	-0.0015288	0.0	-0.17894	0.0	0.0	0.0	-0.59278	-5.8203	0.0	0.0	-5.4574	0.0	-0.0018662	-68.67	0.0	-2.5589	0.0	0.0	0.0	0.0	-36.202	-0.012429	0.0	0.0	0.0	-0.0011883	0.0	0.0	-1.1236	0.0	0.0	0.0	-0.0004961	0.0	0.0	0.0	0.0	0.0	0.0	0.0	-14.015	-0.0016155	0.0	0.0	0.0	-0.079529	-6.7073	0.0	0.0	0.0	-0.033427	0.0	0.0	0.0	0.0043693	0.0	0.0	-0.13508	0.0	0.0	0.0	-0.015035	0.0	-20.97	0.0	0.0	0.0	-0.046628	-0.02201	0.0018965	-0.037571	0.0	-4.4932	0.0	0.0	0.0	0.0	-5.171	0.0	0.0	0.0	0.0
SBS24	-4.4542	0.0	-0.0020392	0.39007	0.0	0.0	-15.582	0.0	0.0	0.0	-0.87679	0.0	0.0	0.0	-5.1742	0.0	-0.016462	0.0	0.12377	0.0	0.0	0.0	0.0	0.0	2.0716	0.0	0.0	0.0	-12.964	-5.6353	0.038278	0.0	0.0	0.0	0.0	0.0	0.0	0.0	0.0	0.0	0.0	0.0	0.0	0.0	0.0	0.0	0.0	0.0	0.0	0.0	-30.994	-0.052197	0.0	0.0	0.0	0.0	-0.083946	0.0	0.0	0.0	0.0	0.0	0.0	0.0	0.0	0.0	0.2606	0.0	0.0	0.0	0.0	0.0	0.0	0.0	0.69183	0.0	0.0	0.0	0.0	0.0	-22.856	-17.496	0.0	0.0	0.0	-0.0032778	0.0	-0.53935	0.0	0.019621	0.0	-6.2441	0.0	0.0	1.6131	0.0	0.0	0.0032939	0.0	0.0	0.0	-0.016244	0.0	0.0	0.0	0.0	0.0	-0.18839	-0.40164	7.2772	-3.6708	0.0	0.0	0.0	-0.13812	0.078203	0.0	0.089503	0.0	0.049628	0.0	0.0	0.0	0.060516	0.088007	0.0	0.0	16.943	-0.54115	-0.38245	0.0	0.0	0.0	0.46233	0.0	0.0	0.0	0.37065	0.0	0.0	0.0	0.0	-2.2316	0.0	-24.492	201.19	-0.21836	-0.0025746	-49.398	-26.315	-2.1288	0.0	0.0	0.0	0.0	-16.163	0.0	-0.32989	-19.407	0.0	0.0	0.0	0.0	0.0	0.0	0.0	-0.020749	0.0	0.086763	0.0	0.0	-0.0026749	0.0	0.0	0.0	0.0	0.0	0.0	0.0	-8.7856	0.098112	0.6618	0.0	0.0	0.0	-0.069608	0.0	0.0	0.0	-0.001988	-4.5013	0.0	0.0	0.0	0.034935	0.0	0.0	0.0	0.0	0.0	6.5514	0.0	0.0	0.0	0.075771	0.11546	0.0	0.0	-0.050144	0.0	0.0	0.0	0.0	0.073851	0.0	-0.023828	-0.037967
SBS25	0.0	0.0	0.0	0.0	0.0	0.0	0.0	0.0	0.0	0.0	0.0	0.0	0.0	0.0	-8.9215	0.0	0.0	-0.040939	0.0	0.0	0.0	0.0	0.0	0.0	-0.57702	0.0	0.0	0.0	0.0	0.0	0.0	0.0	0.0	0.0	0.0	0.0	0.0	0.0	0.0	0.0	-0.14349	0.0	0.0	0.0	0.0	0.0	0.0	0.0	0.0	0.0	0.0	0.0	0.0	0.0	0.0	0.0	0.0	0.0	0.0	0.0	0.0	0.0	0.0	0.0	0.0	0.0	0.0	0.0	-40.67	0.0	0.0	0.0	0.0	0.0	0.0	0.0	0.0	-10.12	0.0	-0.10336	-21.38	0.0	-17.673	-12.971	0.0	0.0	0.0	0.0	0.0	0.0	0.0	-4.8547	0.0	0.0	0.0	0.0	0.0	0.0	0.0	0.0	0.0	0.0	0.0	0.0	0.0	0.0	0.0	0.0	0.0	0.0	0.0	0.0	0.0	0.0	-0.082777	0.0	0.0	0.0	0.033581	0.0	0.0	0.0	0.0	0.0	0.0	0.0	0.0	0.0	-0.51285	0.0	0.0	0.0	0.0	-0.2664	0.0	0.0	-29.942	0.0	0.0	0.0	0.0	0.0	0.0	0.0	0.0	0.0	0.0	-0.00091247	-41.05	0.0	0.0	0.0	0.0	0.0	0.0	0.0	0.0	0.0	0.0	0.0	0.0	0.0	0.0	0.0	0.0	-9.0702	0.0	0.0	0.0	0.0	0.0	0.0	0.0	0.0	0.0	-0.57948	0.0	0.0	0.0	0.0	-0.091541	0.0	0.0	0.0	0.0	-0.027967	0.0	0.0	0.0	-0.0010226	0.0	0.0	0.0	-3.4019	0.0	0.0	0.0	-14.742	0.0	0.0	0.0	0.0	0.0	0.0	0.07095	0.0	0.0	0.0	0.0	0.0	0.0	0.0	-134.51	0.0	-0.15116	0.0	0.0
SBS26	-7.5079	0.0	0.0	0.0	0.0	0.0	177.55	-0.79294	0.0	0.0	-2.1323	0.0	0.0	0.0	-11.866	0.0	-0.039299	0.0	-0.1027	0.0	0.0	-40.423	0.0	0.0	0.0	-20.151	0.0	0.0	0.0	0.0	-0.13921	-0.086182	-9.1699	0.0	-0.74947	0.0	0.0	0.0	0.0	0.0	0.0	0.0	2.4801	0.0	202.6	-0.90362	0.0	-0.13625	0.0065886	4.1312	0.0	-0.73848	0.0	0.0	0.0	-0.090521	0.068122	0.0	-77.796	0.0	0.0	-0.040706	0.0	0.0	-4.7317	0.0	-0.10968	0.0	0.0	-4.4301	0.0	-0.1445	0.0	0.0	17.561	23.428	0.0	-10.078	0.0	0.0	0.0	0.0	0.0	0.0	-9.2273	0.0	-9.2138	0.0	0.0	0.0	0.0	0.0	0.0	-60.526	0.0	0.0	0.0	-6.4095	-58.281	0.0	-1.2463	-0.015213	0.0	-22.269	0.0	0.0	0.0	0.0	0.0	0.0	-1.6656	0.0	0.0	0.0	0.079615	0.59662	-0.023919	-14.709	0.0	0.066264	0.0	-0.81967	-35.677	-0.12287	0.0	-10.191	-0.14857	-21.165	-0.26422	-0.56298	0.0	0.0	0.0080761	-0.28013	0.0	0.0	-24.035	-2.9197	-1.825	0.0	0.0	0.0	0.0	-16.764	0.0	-22.549	0.0	0.0	0.0	0.38057	-7.1094	0.0	0.0	0.0	0.0	0.0	0.0	0.0	0.0	0.0	-0.001652	0.0	0.0	0.0	-0.024437	0.0	0.0	0.0	0.069112	0.0	0.0	0.0	0.0	0.0	0.0	-4.2826	0.0	0.0	0.0	0.0	0.0	0.0	0.0	0.0	-22.601	-0.046064	-84.43	0.0	0.0	0.0081983	0.0	0.0	0.0	-1.2449	0.0	0.0	0.0	-90.027	0.0	0.0	0.0	0.0	0.0	0.0	-0.11585	-0.11492	0.0	0.0	0.073456	0.0	0.0	0.0	-145.08	0.0	0.0	0.039024	0.0
SBS27	0.0	0.0	0.0	0.0	0.0	0.0	0.0	0.0	0.0	0.0	0.0	0.0	0.0	0.0	0.0	0.0	0.0	0.0	0.0	0.0	0.0	0.0	0.0	0.0	0.0	0.0	0.0	0.0	0.0	0.0	0.0	0.0	0.0	0.0	0.0	0.0	0.0	0.0	0.0	0.0	0.0	0.0	0.0	0.0	0.0	0.0	0.0	0.0	0.0	0.0	0.0	0.0	0.0	0.0	0.0	0.0	0.0	0.0	0.0	0.0	0.0	0.0	0.0	0.0	0.0	0.0	0.0	0.0	0.0	0.0	0.0	0.0	0.0	0.0	0.0	0.0	0.0	0.0	0.0	0.0	0.0	0.0	0.0	0.0	0.0	0.0	0.0	0.0	0.0	-0.077219	0.0	0.0	0.0	0.0	0.0	0.0	0.0	0.0	0.0	0.0	0.0	0.0	0.0	0.0	0.0	0.0	0.0	0.0	0.0	0.0	0.0	0.0	0.0	0.0	0.0	0.0	0.0	0.0	0.0	0.0	0.0	0.0	0.0	0.0	0.0	0.0	0.0	0.0	0.0	0.0	0.0	0.0	0.0	0.0	0.0	0.0	0.0	0.0	0.0	0.0	0.0	0.0	0.0	0.0	0.0	0.0	0.0	0.0	0.0	0.0	0.0	0.0	0.0	0.0	0.0	0.0	0.0	0.0	0.0	0.0	0.0	0.0	0.0	0.0	0.0	0.0	0.0	0.0	0.0	0.0	0.0	0.0	0.0	0.0	0.0	0.0	0.0	0.0	0.0	0.0	0.0	0.0	0.0	0.0	0.0	0.0	0.0	0.0	0.0	0.0	0.0	0.0	0.0	0.0	0.0	0.0	0.0	0.0	0.0	0.0	0.0	0.0	0.0	0.0	0.0	0.0	0.0	0.0	0.0	0.0	0.0	0.0	0.0	0.0	0.0	0.0	0.0
SBS28	0.0	0.0	0.0	0.0	0.0	0.0	54.865	0.0	0.0	0.0	-0.14344	0.0	0.0	0.0	28.282	0.0	-0.013275	0.0	-0.028309	0.0	0.0	0.0	0.0	0.0	-0.1125	0.0	0.0	0.0	0.0	0.0	-8.9285	0.0	-10.082	0.0	-0.082768	0.0	0.0	0.0	-17.632	0.0	-0.11769	0.0	-0.59874	0.0	-132.56	0.0	0.0	0.0	-0.0027719	72.468	0.0	-0.023674	0.0	0.0	0.99374	-0.02911	-0.029946	0.0	0.0	0.0	0.0	-0.092124	0.0	0.0	0.0	0.0	0.0	0.0	-37.385	20.442	0.0	-79.056	0.0	0.0	0.0	-1.2369	0.0	0.0	-0.01556	0.0	-37.512	0.0	-17.522	-12.771	0.0	0.0	0.0	0.0	0.0	-0.23164	0.0	-10.805	0.0	0.0	-0.194	0.0	-4.6866	-5.9712	-31.71	0.0	-2.8407	-0.021209	0.0	-83.348	0.0	0.0	0.0	0.0	0.0	0.0	5.1526	0.0	0.0	0.0	0.12104	0.0	64.669	-0.010218	0.0	-0.23595	0.0	0.0	0.0	5.874	0.0	0.0	0.20425	-20.648	0.0	-0.49008	0.0	0.0	0.0	-0.24283	0.0	0.0	-14.436	0.0	-1.1988	0.0	0.0	-2.1245	0.0	-33.86	0.0	-10.534	0.0	-0.0012891	-92.658	0.0	2.5398	0.0	0.0	0.0	0.0	0.0	-0.076298	0.0	-5.5988	-7.1589	-0.0014278	0.0	0.0	0.0	-0.0043676	-9.789	0.0	0.0	0.0	0.0	0.0	0.0	0.0	0.0	0.0	0.0	0.0	0.0	-0.0019329	0.0	-0.1112	0.0	0.0	0.0	-15.928	-0.015186	-64.659	0.0	0.0	0.0	-0.088406	0.0	0.0	-3.1376	0.0	0.0	0.0	422.23	0.0	0.0	0.0	0.0	-0.027846	0.0	-0.14417	-13.614	0.0	0.0	-0.077368	-0.16182	0.0	0.2059	0.0	0.0	-0.16384	0.0	0.0
SBS29	0.0	0.0	-0.0027412	-0.41522	0.0	0.0	-11.242	-0.04943	0.0	0.0	-0.091116	0.0	-41.592	0.0	-12.49	-0.015913	0.0	-0.042054	0.0	0.0	0.0	0.0	0.0	0.0	0.0	0.0	0.0	0.0	-20.611	-18.332	0.020765	0.0	-27.519	0.0	-0.43178	0.0	-0.0015796	0.0	0.0	-31.278	0.0	0.0	0.0	0.0	0.0	0.0	0.0	-0.074136	0.0	-6.2262	1.7561	0.0	0.0	0.0	0.0	0.0	0.0033901	-10.156	-0.18737	0.0	0.0	0.0	0.0	0.0	0.0	-0.26914	-0.075819	0.0	0.0	-0.091878	0.0	0.0	0.0	0.0	0.0071738	0.0	25.44	0.0	0.0	0.0	3.184	-4.8668	0.0	0.0	0.0	-0.0040932	-4.643	392.38	0.0	-0.41832	0.085787	-1.1916	-1.9411	1.0654	0.31573	0.0	0.0	1.9222	0.69344	-0.092367	0.0	0.067109	0.0	0.0	0.0	0.0	0.0	0.092193	0.0	2.1042	-4.6369	0.0	0.0	0.0	-0.11857	-0.085872	-0.056939	0.0	0.0	-0.43674	0.0	-1.0915	-5.7987	0.14028	0.0	0.0	0.025567	-4.2253	-1.183	-1.2357	0.0	-0.41745	0.0	0.0	-27.976	-0.0015844	-28.265	0.0	0.0	0.0	0.0	-0.59287	-4.4852	0.0	6.1297	0.0	0.24281	-0.0012295	-66.413	-35.541	0.2392	0.0	0.0	0.0	0.0	0.018873	0.037455	-0.39869	-5.3967	0.0	-0.0011985	0.0	0.0	-0.4261	0.0	0.0	-0.069568	-0.00049867	-0.053057	0.0	0.0	-0.0029223	0.0	0.0	-2.0995	-0.15715	0.011711	0.0	0.0	0.0	-0.031717	-14.454	0.0	0.0	0.0	-0.022411	0.0	0.0	0.0	-0.0020133	-1.0266	0.0	0.0	0.0	0.0	0.0	-0.062199	0.0	71.131	-71.414	-4.4491	0.0	-15.436	-0.062441	-0.023112	0.0	0.0	0.0	0.0	0.0	0.0	0.0	0.0	-0.1478	0.0	-0.033275	0.0
SBS30	0.065995	0.0	0.0	-0.092761	-0.43097	0.0	243.61	0.060776	0.0	0.0	-0.10292	0.0	0.0	0.0	-13.144	0.0	0.0	0.25904	-0.057142	0.0	0.0	-31.05	0.0	0.0	-0.28293	-47.456	0.0	0.0	-15.012	0.0	-0.10042	-0.13934	-2.028	0.0	0.27089	0.0	0.0	0.0	0.0	0.0	-0.20741	0.12473	-0.66042	0.0	-26.813	-0.11336	0.0	-0.071449	-0.0020116	-3.7974	-37.3	0.0	0.0	0.0	0.0	-0.067727	0.064603	0.0	12.071	0.0	0.0	0.0	0.0	0.0	-4.4331	0.0	-2.1455	0.0	-9.0614	-2.4611	0.0	-0.39357	0.0	0.032683	-0.01404	-61.306	0.0	0.0	0.0	0.0	-18.334	0.0	-9.7695	-3.056	-0.44223	0.0	-0.77089	0.48283	0.0	0.0	0.0	-0.20791	0.0	5.0734	-0.23753	-3.241	0.0	-2.4782	0.0	0.0	-2.4718	0.073003	0.0	-16.594	0.0	0.0	0.0	0.0	-0.28488	-26.415	-3.5856	0.0	0.0	0.0	0.091364	-0.042745	0.01797	-9.8609	0.0	0.15741	0.0	-0.37841	0.27608	-2.0519	0.0	0.0	0.0	243.9	-0.61546	-0.53239	0.0	0.1899	0.0	0.0	0.0	0.0	-9.3774	0.0	-1.4114	0.0	-0.0056158	0.025424	0.0	-5.6851	-17.255	-22.474	-0.090965	-0.0023725	-0.94999	-99.855	2.2417	0.0	0.0	0.0	0.0	0.0	0.0	0.0	0.0	-7.8069	-0.001205	0.0	0.0	0.18765	-0.014154	-4.9805	0.027209	0.0	0.0	0.0	0.0	-0.0010435	0.0	0.0	0.0	-0.051384	0.0	0.0	0.0	0.0	-0.16453	-1.0016	0.0	0.0	-16.543	-0.067646	0.0	0.0	0.0	-0.0010052	-0.92438	0.0	0.0	-0.81575	0.0	-2.3116	0.0	0.0	0.0	0.0	83.782	-0.38013	-0.074492	0.0	-0.09541	-0.064051	0.0	0.0	0.0	0.0	0.0	0.0	0.0	0.0	-0.26172	0.057122	0.0
SBS31	-0.37303	0.0	0.0	0.0	0.0	0.0	0.0	0.0	0.0	0.0	-3.0472	0.0	0.0	0.0	-0.36843	0.0	0.0	0.070678	-0.095249	0.0	0.0	0.0	0.0	0.0	-0.17342	0.0	0.0	0.0	0.0	-5.6353	-0.28956	-0.25593	0.0	0.0	4.1086	0.0	0.0	0.0	0.0	0.0	-0.15119	0.0	0.0	0.0	0.0	0.0	0.0	0.0	0.0	-45.501	0.0	0.0	0.0	0.0	0.0	0.0	0.059845	0.0	-110.77	0.0	0.0	0.0	0.0	0.0	0.0	0.0	-1.9204	0.0	-41.09	-9.5512	0.0	0.0	0.0	0.0	-0.099345	0.0	0.0	-10.12	0.0	-0.068357	-38.198	0.0	-17.671	-6.6614	-1.0375	0.0	-9.2139	0.0	0.0	0.0	-4.386	-4.5118	0.0	-41.44	-0.24056	0.0	0.0	-7.7145	202.77	0.0	0.0	0.0	0.0	0.0	0.0	0.0	0.0	0.0	0.0	0.0	-0.33127	0.0	0.0	0.0	-0.081723	-0.036305	-0.90741	12.042	0.0	0.0	0.0	-0.17205	-17.981	-2.3676	0.0	-29.024	19.908	0.0	3.3241	0.0	0.0	-0.082732	0.0	-0.30277	0.0	0.0	-0.87328	-1.3289	0.0	0.0	0.0	0.0	-5.7209	0.0	0.0	-4.2553	0.0	-0.0029464	-43.545	738.24	-4.7356	0.0	0.0	0.0	0.0	0.0	-0.10552	0.0	0.0	0.0	0.0	0.0	0.0	-0.49609	0.0	-9.7882	0.0	0.0	0.0	0.0	0.0	0.0	0.0	0.0	0.0	-18.114	0.0	0.0	0.0	0.0	-0.12444	0.0	0.0	0.0	0.0	-0.038115	0.0	0.0	0.0	-0.001013	-11.805	0.0	0.0	-2.8297	-0.039004	0.0	0.0	-96.144	0.0	0.0	0.0	0.0	0.0	0.0	0.0431	-0.07957	0.0	0.0	0.0	0.0	0.0	0.0	1.1522	-0.064198	-0.16803	0.0	0.0
SBS32	-4.097	0.0	0.0	-0.075541	0.0	0.0	0.0	0.0	0.0	0.0	-7.457	0.0	0.0	0.0	-2.4891	0.0	0.0	-0.055478	0.0	0.0	0.0	0.0	0.0	0.0	-0.065328	0.0	0.0	0.0	-14.622	0.0	-1.4117	0.0	0.0	0.0	-0.43837	0.0	0.0	0.0	0.0	0.0	-0.10877	-0.035313	0.0	0.0	0.0	0.0	0.0	0.0	0.0	-0.39377	-63.675	0.0	0.0	0.0	0.0	0.0	0.071459	0.0	-47.097	0.0	0.0	0.0	0.0	0.0	0.0	0.0	0.0	0.0	766.51	-0.033612	0.0	0.0	0.0	0.0	15.353	0.0	0.0	-7.0821	0.0	-0.083185	-15.182	0.0	-17.674	0.37608	0.0	0.0	76.229	-28.728	0.0	0.0	0.0	-5.6885	0.0	-63.833	0.16906	0.0	0.0	-4.9784	-28.487	0.0	0.0	-0.0080302	0.0	0.0	0.0	0.0	0.0	0.0	-0.10656	-23.646	-1.6278	0.0	0.0	0.0	-0.083711	0.0	-7.4287	0.0	0.0	-0.35521	0.0	-2.5957	-15.167	0.0	0.063479	-23.84	0.0	-9.3903	-0.74976	-0.48998	0.0	-0.09307	0.0	-0.16846	0.0	0.0	-26.39	-0.11143	0.0	0.0	0.0	0.0	0.0	0.0	-2.1245	0.0	-0.08059	-0.0023181	-25.259	0.0	-3.5369	0.0	0.0	0.0	0.0	0.0	-0.063076	0.0	0.0	0.0	0.0	0.0	0.0	-0.74397	0.0	-9.7872	0.0	0.0	0.0	0.0	0.0	-0.0010431	0.0	0.0	0.0	-1.0403	0.0	0.0	0.0	0.0	-0.099307	-0.25003	0.0	0.0	0.0	-0.039919	0.0	0.0	0.0	-0.0017411	-0.078731	0.0	0.0	-3.2177	0.0	0.0	0.0	-10.755	0.0	0.0	-5.5	0.0	-10.58	0.0	-0.00018933	0.0	0.0	0.0	-1.1467	0.0	0.0	0.0	2.4282	0.0	2.5814	0.0	0.0
SBS33	0.0	0.0	0.0	0.0	0.0	0.0	0.0	0.0	0.0	0.0	0.0	0.0	0.0	0.0	0.0	0.0	-0.057097	-0.041308	-0.081744	0.0	0.0	0.0	0.0	0.0	0.0	0.0	0.0	0.0	0.0	0.0	0.0	-0.13071	0.0	0.0	0.0	0.0	0.0	0.0	0.0	0.0	0.0	-0.022254	0.0	0.0	0.0	-0.12612	0.0	0.0	0.0	0.0	0.0	0.0	0.0	0.0	0.0	0.0	-0.03749	0.0	0.0	0.0	0.0	0.0	0.0	0.0	0.0	0.0	-0.093866	0.0	0.0	-0.058867	0.0	-0.089382	0.0	0.0	0.0	0.0	0.0	0.0	0.0	0.0	0.0	0.0	0.0	0.0	-0.13968	0.0	0.0	0.0	0.0	0.0	0.0	0.0	0.0	0.0	0.0	-0.18633	0.0	0.0	0.0	0.0	0.0	0.0	0.0	0.0	0.0	0.0	0.0	0.0	0.0	0.0	0.0	0.0	0.0	0.0	-0.073883	0.65704	0.0	0.0	0.0	0.0	0.0	0.0	0.0	-0.071427	0.0	0.0	-0.067642	0.0	-0.40341	0.0	0.0	0.0	0.0	0.0	0.0	0.0	0.0	0.0	0.0	0.0	0.0	0.0	0.0	0.0	0.0	-3.4399	0.0	0.0059172	0.0	0.0	0.0	0.0	0.0	0.0	0.0	0.0	0.054966	0.0	0.0	0.0	0.0	0.0	0.0	0.0	0.0	0.0	0.0	0.0	0.0	0.0	0.0	0.0	0.0	0.0	0.0	0.0	0.0	0.0	0.0	0.0	0.0	0.0	0.0	0.0	0.0	0.0	0.0	0.0	0.0	0.0	0.0	0.0	0.0	0.0	-0.020376	0.0	0.0	0.0	0.0	0.0	0.0	0.0	0.0	0.0	-0.075688	-0.074138	0.0	0.0	0.0	0.0	0.0	0.0	0.0	0.0	0.0	0.0	0.0
SBS34	-0.88543	0.0	0.0	0.0	0.0	0.0	0.0	0.0	0.0	0.0	-0.082248	0.0	0.0	0.0	-10.775	0.0	0.0	0.0	0.0	0.0	0.0	0.0	0.0	0.0	-0.40686	0.0	0.0	0.0	0.0	0.0	-0.061831	0.0	0.0	0.0	4.086	0.0	0.0	0.0	0.0	0.0	-0.060681	0.0	0.0	0.0	0.0	0.0	0.0	0.0	0.0	0.0	0.0	0.0	0.0	0.0	0.0	0.0	0.0	0.0	-103.76	0.0	0.0	0.0	0.0	0.0	0.0	0.0	0.0	0.0	-42.442	0.0	0.0	0.0	0.0	0.0	-0.92239	0.0	0.0	0.0	0.0	0.0	-1.1642	0.0	-17.673	-13.393	0.0	0.0	-9.2139	0.0	0.0	0.0	0.0	-3.4879	0.0	-60.852	0.0	0.0	0.0	-6.2928	-24.311	0.0	0.0	0.0	0.0	0.0	0.0	0.0	0.0	0.0	0.0	0.0	0.0	0.0	0.0	0.0	-0.047011	0.0	0.0	0.0	0.0	0.0	0.0	0.0	-22.256	0.0	0.0	-28.09	0.0	0.0	0.0	0.0	0.0	-0.072137	0.0	-0.13202	0.0	0.0	-0.48878	0.0	0.0	0.0	0.0	0.0	0.0	0.0	0.0	0.0	0.0	0.0	-36.752	0.0	-4.89	0.0	0.0	0.0	0.0	0.0	-0.043227	0.0	0.0	0.0	0.0	0.0	0.0	-0.70045	0.0	-9.789	0.0	0.0	0.0	0.0	0.0	0.0	0.0	0.0	0.0	-0.078734	0.0	0.0	0.0	0.0	-0.061451	0.0	0.0	0.0	0.0	-0.034683	0.0	0.0	0.0	0.0	0.0	0.0	0.0	-4.7186	0.0	0.0	0.0	-10.776	0.0	0.0	0.0	0.0	0.0	0.0	-0.050965	0.0	0.0	0.0	0.0	0.0	0.0	0.0	0.0	0.0	-0.15854	0.0	0.0
SBS35	0.0	0.0	0.0	0.0	0.0	0.0	0.0	0.0	0.0	0.0	-7.4827	0.0	0.0	0.0	-0.24703	0.0	-0.052578	-0.036411	-0.11738	0.0	0.0	0.0	0.0	0.0	-0.065656	0.0	0.0	0.0	-44.031	-4.4899	-2.3735	-0.083897	0.0	0.0	0.0	0.0	0.0	0.0	0.0	0.0	0.0	-0.082008	0.0	0.0	0.0	-0.50322	0.0	0.0	0.0	0.0	-43.727	-5.9457	0.0	0.0	0.0	0.0	-0.052528	0.0	0.0	0.0	0.0	0.0	0.0	0.0	0.0	0.0	-0.14943	0.0	0.0	0.0	0.0	0.0	0.0	0.0	0.0	0.0	0.0	0.0	0.0	0.0	299.27	0.0	0.0	0.0	-10.885	0.0	0.0	-0.12228	0.0	0.0	0.0	-12.187	0.0	0.0	0.095522	-41.156	0.0	-7.1935	0.0	0.0	0.0	-0.0080335	0.0	0.0	0.0	0.0	0.0	0.0	-0.10323	-23.88	2.5152	0.0	0.0	0.0	-0.065774	-0.053707	-0.1753	-0.12858	0.0	-0.079206	0.0	0.0	0.0	-0.12809	0.036737	0.0	45.448	-2.7996	-0.396	-0.6725	0.0	0.0	0.0	-0.18647	0.0	0.0	0.0	0.0	0.0	0.0	0.0	0.0	-3.0117	0.0	216.49	-12.81	-0.087885	-0.0015767	-27.741	127.01	-1.1316	0.0	0.0	0.0	0.0	-0.051415	-0.081669	0.0	-0.35489	0.0	0.0	0.0	0.0	0.0	0.0	0.0	0.0	0.0	0.0	0.0	0.0	-0.0010461	0.0	0.0	0.0	0.0	0.0	0.0	0.0	0.0	0.046351	-1.8533	0.0	0.0	0.0	-0.0262	0.0	0.0	0.0	-0.0010064	-35.195	0.0	0.0	0.0	-0.048554	0.0	0.0	0.0	0.0	0.0	-16.184	0.0	-17.115	0.0	-0.019303	-6.8607	0.029268	0.0	0.0	0.0	0.0	0.0	0.0	-0.085117	0.0	0.0	0.0
SBS36	-0.15471	0.0	-0.0011751	-0.7968	0.0	-0.036042	-5.5568	0.0	0.0	0.0	-4.473	0.0	0.0	0.0	0.0	0.0	0.0	0.0	-0.098135	0.0	0.0	0.0	0.0	0.0	-0.32971	0.0	0.0	0.0	0.0	0.0	0.054499	0.0	0.0	0.0	-0.60118	0.0	0.0	0.0	0.0	0.0	0.0	-0.31362	0.0	0.0	0.0	0.12783	0.0	0.0	0.0	0.0	0.0	-14.545	0.0	0.0	0.0	0.0	-0.053693	0.0	-28.267	0.0	0.0	0.0	0.0	0.0	0.0	0.0	-3.2416	0.0	0.0	0.073893	0.0	0.0	0.0	0.0	-0.1858	0.0	0.0	0.0	0.0	0.0	0.0	-7.4354	0.0	0.0	-9.2002	-0.0018841	-9.2155	0.0	0.0	0.27832	-0.013714	-6.4104	0.0	-35.604	-0.20453	0.26528	0.0	-6.2943	-19.573	0.0	0.0	0.0	0.0	0.0	0.0	0.0	0.0	-0.064737	-0.16334	-20.653	0.0	0.0	0.0	0.0	0.088145	-0.041231	0.0	-7.7649	0.020177	-0.13072	0.0	-14.56	-18.329	-0.096293	0.0	-26.189	-2.3935	0.0	-0.74034	-0.1826	153.98	-0.083017	0.0	-0.13426	0.0	0.0	0.0	-0.16986	0.0	0.0	0.0	0.0	-6.0179	0.0	0.0	26.633	0.0	-0.0018594	0.0	-0.1055	-4.745	0.0	0.0	0.0	0.0	-0.078318	0.0	-0.19642	-0.09887	0.0	0.0	0.0	0.0	-0.4748	0.0	0.0	0.0	0.0	0.10713	0.0	0.0	-0.0016224	-16.343	0.0	0.0	-30.122	0.0	0.0	0.0	-17.105	0.0063806	0.0	0.0	0.0	0.0	-0.037953	0.0	0.0	0.0	0.0	0.0	0.0	0.0	0.0	-0.044769	0.0	0.0	0.0	0.0	0.0	0.0	0.0	-0.085412	-0.030996	-0.054455	-4.6399	0.0	0.0	-0.016921	0.0	0.0	0.0	0.0	-0.066466	0.0	0.0	0.0
SBS37	-1.8771	0.0	-0.0011879	0.0	0.0	0.0	-6.4838	0.0	0.0	0.0	-0.085266	0.0	-13.756	0.0	171.31	-0.014283	0.060222	-0.026913	0.0	0.0	0.0	0.0	0.0	0.0	-0.59119	0.0	0.0	0.0	-33.244	-5.6353	-7.8361	0.47321	-0.13973	0.0	0.0	0.0	-0.0015771	0.0	0.0	-51.175	0.0	-0.074579	0.0	0.0	0.0	-0.12442	0.0	-0.097343	0.0	0.0	0.0	-2.538	0.0	0.0	0.0	0.0	-0.18836	-10.13	0.0	0.0	0.0	-0.027597	0.0	0.0	0.0	-0.22739	0.0	0.0	0.0	-9.5388	0.0	-33.343	0.0	0.0	19.655	0.0	-5.4241	0.0	0.0	0.0	0.0	0.0	0.0	0.0	-0.27807	0.0	0.0	0.0	0.0	0.34259	0.0	0.0	0.0	0.0	0.0	0.64946	0.0	-7.7954	-16.176	0.072944	0.0	0.0	0.0	0.0	0.0	0.0	0.0	-1.6818	0.0	0.0	0.0	0.0	0.0	0.0	-0.073835	-0.043272	-12.536	0.0	0.0	-0.41183	0.0	0.0	0.0	-2.534	0.0	0.0	-11.714	0.0	-0.87786	0.20686	0.0	0.0	0.0	-0.28311	-28.522	-0.0015843	-33.481	-0.15258	0.0	0.0	0.0	-0.59278	-5.8001	0.0	0.0	1.1277	0.0	0.0	-93.295	0.0	-4.8085	0.0	0.0	0.0	0.0	-1.6172	-0.073332	0.0	0.0	0.0	-0.0011973	0.0	0.0	0.0	0.0	0.0	0.0	-0.0004997	0.0	0.0	0.0	0.0	0.0	0.0	-2.0428	-24.986	-0.0016778	0.0	0.0	0.0	0.56473	-5.5715	0.0	0.0	0.0	-0.035767	0.0	0.0	0.0	-0.00099963	0.0	0.07486	0.0	0.0	0.0	0.0	-0.12193	0.0	-18.409	-69.555	0.0	0.0	72.55	-0.052392	0.19706	93.518	0.0	0.0	0.0	0.0	0.0	0.0	0.0	0.0	0.0	0.068115	0.0
SBS38	-0.1222	0.0	-0.0011816	0.93475	0.0	-0.017649	-9.1924	0.0	0.0	0.0	23.093	0.0	0.0	0.0	0.0	0.0	0.029687	-0.083437	-0.10209	0.0	0.0	0.0	0.0	0.0	-0.35493	0.0	0.0	0.0	0.0	0.0	-0.075312	0.0	0.0	0.0	-0.51427	0.0	0.0	0.0	0.0	0.0	0.0	-0.11724	0.0	0.0	0.0	0.0	0.0	0.0	0.0	0.0	0.0	0.0	0.0	0.0	0.0	0.0	-0.030268	0.0	-98.671	0.0	0.0	0.0	0.0	0.0	0.0	0.0	-4.1837	0.0	0.0	0.0	0.0	0.0	0.0	0.0	-1.5874	0.0	0.0	0.0	0.0	0.0	0.0	-9.9486	0.0	0.0	0.0	-0.0018971	-9.2139	0.0	0.0	-0.0081456	-0.017038	-6.5737	0.0	-79.73	-0.14872	0.0	0.0	-0.89122	-36.775	0.0	0.0	0.0	0.0	0.0	0.0	0.0	0.0	-13.189	-0.36253	-17.398	4.3886	0.0	0.0	0.0	-0.13431	0.024093	0.0	-23.494	0.0	0.20688	0.0	0.0	-20.44	-12.633	0.0	-18.728	0.15214	0.0	0.0	-0.67456	-49.654	-0.081675	0.0	-0.30727	0.0	0.0	0.0	-0.11071	0.0	0.0	0.0	0.0	-6.0639	0.0	0.0	0.0	0.0	0.0039267	0.0	-0.98989	79.991	0.0	0.062616	0.0	0.0	-2.0769	-0.057712	-0.17784	-3.3811	0.0	0.0	0.0	0.0	-1.0172	0.0	0.0	0.0	0.0	-0.052234	0.0	0.0	-0.001979	33.411	0.0	0.0	-3.1744	0.0	0.0	0.0	0.21234	-0.071436	0.0	0.0	0.0	0.0	-0.029131	0.0	0.0	0.0	0.0	0.0	0.0	0.0	0.0	-0.059821	0.0	0.0	0.0	0.0	0.0	0.0	0.0	-0.099192	-0.10552	-0.054914	-12.9	0.0	0.0	-0.034652	0.0	0.23204	0.0	0.0	-0.074622	0.0	0.0	0.0
SBS39	0.0	0.0	0.0	0.0	0.0	0.0	0.0	0.0	0.0	0.0	0.0	0.0	0.0	0.0	0.0	0.0	0.13294	-0.032244	0.0	0.0	0.0	0.0	0.0	0.0	0.0	0.0	0.0	0.0	0.0	0.0	0.0	0.58905	0.0	0.0	0.0	0.0	0.0	0.0	0.0	0.0	0.0	-0.09193	0.0	0.0	0.0	0.0	0.0	0.0	0.0	0.0	0.0	0.0	0.0	0.0	0.0	0.0	-0.058815	0.0	0.0	0.0	0.0	0.0	0.0	0.0	0.0	0.0	0.0	0.0	0.0	0.0	0.0	0.0	0.0	0.0	0.0	0.0	0.0	-10.12	0.0	-2.4984	0.0	0.0	0.0	0.0	-1.3566	0.0	0.0	0.0	0.0	0.0	0.0	0.0	0.0	0.0	-0.28532	0.0	0.0	0.0	0.0	0.0	0.0	0.0	0.0	0.0	0.0	0.0	0.0	0.0	0.0	0.0	0.0	0.0	0.0	0.0	0.0	0.0	0.038013	0.0	0.0	0.0	0.0	0.0	0.0	0.0	0.088527	0.0	0.0	0.0	0.0	0.0	0.0	0.0	0.0	0.0	0.0	0.0	0.0	0.0	0.0	0.0	0.0	0.0	0.0	0.0	0.0	-2.2264	0.0	-0.0009032	0.0	0.0	0.0	0.0	0.0	0.0	0.0	0.0	0.0	0.0	0.0	0.0	0.0	0.0	0.0	0.0	0.0	0.0	0.0	0.0	0.0	0.0	0.0	0.0	0.0	0.0	0.0	0.0	0.0	0.0	0.0	0.0	-0.097955	0.0	0.0	0.0	0.0	0.0	0.0	0.0	0.0	-0.0010146	0.0	0.0	0.0	0.0	0.0	0.0	0.0	0.0	0.0	0.0	0.0	0.0	0.0	0.0	0.055832	0.0	0.0	0.0	0.0	0.0	0.0	0.0	1.152	0.0	0.0	0.0	0.0
SBS40	-0.18905	0.0	-0.0020458	-0.23597	-0.3406	0.047473	0.0	0.067401	0.0	0.0	0.0	0.0	0.0	0.0	-1.3241	0.0	0.0	0.25568	0.33235	0.0	0.0	-1.3652	0.0	0.0	0.82853	0.0	0.0	0.0	0.44583	-1.5658	-0.21986	0.0	0.0	0.0	-0.81125	0.0	0.0	0.0	4.2676	0.0	-0.042197	-0.11005	-0.54167	0.26561	-0.61259	0.0	0.0	-0.50631	-0.0071976	0.0	22.115	-0.018289	0.0	0.0	0.0	-0.26257	-0.044408	0.0	0.0	0.0	0.0	0.045625	0.023181	0.0	0.0	0.0	0.59736	0.0	5.291	0.13203	0.0	0.083109	0.0	-0.083298	0.67119	0.0	0.0	-4.6887	-0.063548	-0.51816	0.0	-12.195	-1.6124	0.53352	0.0	0.011058	0.0	0.0	0.0	0.51822	0.0	0.0	0.0	0.0	0.0	0.0	0.0	1.5952	0.60204	0.076844	-1.0299	-0.039115	0.0	24.321	0.0	0.0	0.0	0.0	0.0	3.5985	-2.1996	0.0	0.0	0.0	0.1701	-0.11319	-0.34056	0.55542	0.0	0.0	0.0	0.0	0.0	0.29268	0.10879	0.0	0.26719	8.8585	-0.23423	0.11201	0.0	0.0	0.0	0.092453	0.0	0.0	-1.4558	-0.5969	-0.36526	0.0	0.0	-0.55463	0.85362	0.0	0.0	-3.8484	-0.57621	-0.00091749	-2.7668	-0.03889	0.15082	0.0	0.0	0.37299	0.0	0.18495	0.0	-0.45298	0.0	0.95227	-0.0072356	0.0	0.0	0.0	0.26809	-3.7744	0.086146	0.0	0.0	0.0	0.0	0.0029538	0.0	0.0	0.0	0.22951	0.0	0.0	0.010686	-10.747	0.07789	0.0	0.0	0.0	-0.58958	0.093094	2.1757	0.0	0.0	0.012054	0.0	0.0	0.0	-0.28181	0.22595	-1.8667	0.0	1.363	0.0	0.0	-3.0053	-0.43041	-0.18296	0.0	0.089312	0.27849	-0.015731	0.0	0.0	0.57567	0.0	0.0	0.0	0.018524	-0.56457	0.0	0.086749
SBS41	0.0	0.0	0.0	0.0	0.0	0.0	0.0	0.0	0.0	0.0	0.0	0.0	0.0	0.0	0.43115	0.0	0.0	0.0	0.0	0.0	0.0	0.0	0.0	0.0	-0.11141	0.0	0.0	0.0	0.0	0.0	0.0	0.0	0.0	0.0	0.0	0.0	0.0	0.0	0.0	0.0	-0.011265	0.0	0.0	0.0	0.0	0.0	0.0	0.0	0.0	0.0	0.0	0.0	0.0	0.0	0.0	0.0	0.0	0.0	0.0	0.0	0.0	0.0	0.0	0.0	0.0	0.0	0.0	0.0	0.0	0.0	0.0	0.0	0.0	0.0	0.0	0.0	0.0	0.0	0.0	0.0	0.0	0.0	-0.12118	0.37608	0.0	0.0	0.0	0.0	0.0	0.0	0.0	0.0	0.0	0.0	0.0	0.0	0.0	0.0	0.0	0.0	0.0	0.0	0.0	0.0	0.0	0.0	0.0	0.0	0.0	0.0	0.0	0.0	0.0	0.0	0.0	0.0	0.0	0.0	0.04326	0.0	0.0	0.0	0.0	0.0	0.0	0.0	0.0	0.0	0.0	0.0	0.0	0.0	0.0	-0.29304	0.0	0.0	0.0	0.0	0.0	0.0	0.0	0.0	0.0	0.0	0.0	0.0	0.0	0.0	0.0	0.0	0.0	0.0	0.0	0.0	0.0	0.0	0.0	0.0	0.0	0.0	0.0	0.0	0.0	0.0	0.0	0.32766	0.0	0.0	0.0	0.0	0.0	0.0	0.0	0.0	0.0	0.0	0.0	0.0	0.0	0.0	-0.012561	0.0	0.0	0.0	0.0	-0.015722	0.0	0.0	0.0	0.0	0.0	0.0	0.0	0.0	0.0	0.0	0.0	0.0	0.0	0.0	0.0	0.0	0.0	0.0	-0.035484	0.0	0.0	0.0	0.0	0.0	0.0	0.0	0.0	0.0	-0.047839	0.0	0.0
SBS42	0.29724	0.0	0.0	-0.51971	0.0	0.0	0.0	0.0	0.0	0.0	0.0	0.0	0.0	0.0	-0.9891	0.0	-0.033918	-0.042772	0.0	0.0	0.0	0.0	0.0	0.0	-0.33882	0.0	0.0	0.0	-36.255	0.0	0.064039	-0.41713	-36.674	0.0	0.72438	0.0	0.0	0.0	-17.632	0.0	0.32437	0.05996	0.0	0.0	0.0	-0.064099	0.0	0.0	0.0	-19.412	-31.173	0.0064897	0.0	0.0	0.0	0.0	0.027789	0.0	28.703	0.0	0.0	0.0	0.0	0.0	0.0	0.0	0.0	0.0	-39.678	-0.052044	0.0	0.0	0.0	0.037505	0.0	0.0	0.0	-9.2173	-0.013678	-0.10326	0.30298	0.0	25.709	48.914	0.0	0.0	-4.7049	-2.2497	0.0	0.041176	0.066851	-4.6979	0.0	-30.375	-0.43827	0.0	-5.0382	2.573	-6.7581	0.0	0.0	-0.010392	0.0	0.0	0.0	0.0	0.0	0.0	-0.11522	-12.158	1.5095	0.0	0.0	0.0	0.072545	-0.059124	-0.38466	0.0	0.014243	-0.1534	0.0	-5.6972	-11.785	-0.051248	0.0	0.0	-0.045502	-5.1221	-0.5108	0.88379	0.0	-0.23845	0.0	-0.38771	0.0	0.0	-10.931	-0.25884	0.0	0.0	0.0	-0.59278	0.0	-12.77	-32.864	-9.0213	-0.12171	-0.0045319	-52.652	0.0	4.0649	0.0	0.0	0.0	0.0	0.0	-0.025752	0.0	-3.6686	0.0	0.0	0.0	0.0	-0.43682	0.0	48.973	-0.032344	0.0	-0.11596	0.0	0.0	-0.0014288	0.0	0.0	0.0	-6.5554	0.0	0.0	-0.0019366	0.0	0.14742	-1.4046	0.0	0.0	0.0	-0.095189	-99.438	0.0	0.0	0.0041782	0.0	0.0	0.0	-2.3857	0.0	0.0	0.0	-61.923	0.0	0.0	-8.3524	0.0	-0.1397	0.0	-0.033298	-0.044243	0.065129	0.0	-0.089793	0.0	0.0	0.0	-113.74	0.0	-0.34708	0.0	0.0
SBS43	0.0	0.0	0.0	0.0	0.0	0.0	0.0	0.0	0.0	0.0	0.0	0.0	0.0	0.0	0.0	0.0	0.0	0.0	0.0	0.0	0.0	0.0	0.0	0.0	0.0	0.0	0.0	0.0	0.0	0.0	0.0	0.0	0.0	0.0	0.0	0.0	0.0	0.0	0.0	0.0	0.0	0.0	0.0	0.0	0.0	0.0	0.0	0.0	0.0	0.0	0.0	0.0	0.0	0.0	0.0	0.0	0.0	0.0	0.0	0.0	0.0	0.0	0.0	0.0	0.0	0.0	0.0	0.0	0.0	0.0	0.0	0.0	0.0	0.0	0.0	0.0	0.0	0.0	0.0	0.0	0.0	0.0	0.0	0.0	0.0	0.0	0.0	0.0	0.0	0.0	0.0	0.0	0.0	0.0	0.0	0.0	0.0	0.0	0.0	0.0	0.0	0.0	0.0	0.0	0.0	0.0	0.0	0.0	0.0	0.0	-0.89119	0.0	0.0	0.0	0.0	0.0	-6.6177	0.0	0.0	0.0	0.0	0.0	0.0	0.0	0.0	0.0	0.0	0.0	0.0	0.0	0.0	0.0	0.0	0.0	0.0	0.0	0.0	0.0	0.0	0.0	0.0	0.0	0.0	0.0	0.0	0.0	0.0	-0.00090201	0.0	0.0	0.0	0.0	0.0	0.0	0.0	0.0	0.0	0.0	0.0	0.0	0.0	0.0	0.0	0.0	0.0	0.0	0.0	0.0	0.0	0.0	0.0	0.0	0.0	0.0	0.0	0.0	0.0	0.0	0.0	0.0	0.0	0.0	0.0	0.0	0.0	0.0	0.0	0.0	0.0	0.0	0.0	0.0	0.0	0.0	0.0	0.0	0.0	0.0	0.0	0.0	0.0	0.0	0.0	0.0	0.0	0.0	0.0	0.0	0.0	0.0	0.0	0.0	0.0	0.0	0.0	0.0	0.0
SBS44	0.38129	0.065131	0.0	0.0	-0.4115	0.0	0.0	0.1686	0.0	0.0	0.0	0.0	0.0	0.0	0.0	0.0	0.0	0.0	-0.4649	0.023401	0.0	0.056086	0.0	0.0	0.0	29.303	0.0	0.0	0.0	74.553	0.14843	0.0	0.19969	0.0	0.4709	0.0	0.0	0.0	0.0	0.0	0.0	0.066724	-0.053614	0.0	-0.54238	0.0	0.0	0.0	0.009432	1.1473	0.0	12.555	0.0	0.0	0.0	-0.037041	-0.037765	0.0	-130.2	0.0	0.0	0.0042287	0.0	0.0	-3.0428	0.0	-2.4118	0.0	0.0	0.12034	0.0	0.16756	0.0	-0.12442	-0.79671	0.22141	0.0	0.0	0.0	0.0	0.0	0.0	0.0	0.0	0.0	0.0	11.55	0.0	0.0	-0.16086	-0.029128	-3.8472	0.0	-139.21	0.0	0.0	0.0	-22.166	0.0	0.0	1.5248	0.030305	0.25066	3.7673	0.1482	0.0	0.0	0.0	0.0	0.0	-2.0619	0.0	0.0	0.0	-0.061969	0.15572	-0.088386	-0.18689	0.0	0.0	0.0	-1.2796	5.6564	0.13689	0.0	-35.939	-2.9527	6.0459	0.0	0.0	0.0	-0.20781	0.0	-0.1439	0.0	0.0	-1.5149	2.4141	1.0336	0.0	0.0	-1.8733	-5.7568	-4.838	0.0	2.6613	0.0	0.0021239	10.987	0.0	2.8986	0.0	0.0	0.0	0.0	0.0	-0.050517	0.0	0.0	1.1582	0.0026099	0.0	0.0	-1.9874	-0.14176	0.0	-0.023842	0.0	0.090423	0.0	0.0	0.0	0.0	0.0	0.0	0.0	0.0	0.0	0.0	0.0	0.0	0.0	0.0	0.0	5.6531	0.0082135	-1.4197	0.11171	0.0	0.0	-0.048534	0.0	0.0	0.0	0.0	0.58455	0.0	-1.5316	0.0	0.0	0.0	0.71551	0.0	0.0	-0.25804	-0.13252	0.0	0.0	0.0	0.0	0.0	0.21374	0.0	-0.070763	0.0	0.10223	0.0
SBS45	-0.22291	0.0	0.0054744	0.72352	0.0	0.03731	0.0	-0.056015	0.0	0.0	-0.1956	-0.054947	-27.996	0.0	0.0	-0.029994	0.0	0.077488	0.31615	0.0	0.0	0.0	0.0	0.0	-0.63864	0.0	0.0	0.080561	-4.3747	-2.345	-0.13619	-0.29876	-0.44823	0.0	1.8983	0.0	-0.0035433	0.0	0.0	-35.927	-0.42393	0.042771	0.0	0.048549	0.0	0.0	0.0	0.022253	0.0	-3.2717	-8.236	0.0	0.0	0.0	0.0	0.0	-0.028464	-21.44	-106.68	0.0	0.0	-0.09106	0.0	0.0	0.0	0.11334	0.24598	0.0	-11.991	0.10835	0.0	0.17875	0.0	-0.11873	-1.067	0.0	0.0	-4.3043	0.0	0.0	-4.6169	0.80471	-5.677	-3.1028	-7.5404	0.0048268	-5.1839	0.094818	0.0	0.21683	4.5227	-0.47667	-5.3061	-126.72	-0.13635	0.29641	0.0	-3.0381	8.6484	-0.081728	0.0	-0.030569	0.0	0.0	0.0	0.0	0.0	0.0	0.0	0.0	-1.3623	0.0	0.0	0.0	0.082486	0.12172	-0.18916	0.35693	0.0	0.48151	0.0	-12.656	0.0	0.098663	0.0	-12.702	-0.056129	-1.1707	-0.42641	0.24504	6.5806	-0.13891	0.0	-0.098356	-55.577	-0.003558	2.0284	0.33454	0.0	0.0	0.0	-1.1359	-0.00058285	0.0	-2.8097	0.0	-0.21794	0.0029451	-1.0535	-0.54965	-1.3229	0.0	0.022605	0.0	0.0	0.0	0.0	0.2595	-0.47523	0.0	0.0045339	0.19574	0.0	-0.67299	0.0	-7.7924	0.07469	-0.0010633	-0.06325	0.19877	0.0	0.0042848	17.898	0.0	-1.0248	-0.084471	0.0014562	0.0	0.0	1.0036	-0.028031	0.0	0.0	0.035237	0.0	-0.045191	0.0	0.0	0.0	-0.0033501	-1.3601	0.0	-0.29196	-0.40981	0.20536	0.0	-0.10278	-1.1777	-5.4895	-102.51	-7.0819	0.0	0.039683	0.25577	-0.10551	0.0	0.0	-7.1605	0.0	0.0	0.0	0.0	-1.9754	0.030668	0.081468	0.0088661	0.05204
SBS46	-0.067053	0.0	-0.0011219	0.0	0.0	0.0	-9.8063	0.0	0.0	0.0	-0.073706	0.0	-13.756	0.0	-2.0131	-0.0072176	0.10182	-0.069066	0.0	0.0	0.0	0.0	0.0	0.0	-0.19374	0.0	0.0	0.0	-34.561	-5.6353	1.1506	-0.17153	0.0	0.0	0.0	0.0	-0.0015044	0.0	0.0	-65.849	-0.12552	-0.04674	0.0	0.0	0.0	-0.81496	0.0	-0.097998	0.0	45.367	0.0	0.0	0.0	0.0	0.0	0.0	-0.044765	-9.6511	0.0	0.0	0.0	0.0	0.0	0.0	0.0	-0.099588	0.0	0.0	-42.543	-0.35088	0.0	-60.228	0.0	0.0	-2.2878	0.0	-3.2765	-8.0962	0.0	-0.15278	-1.3463	0.0	-17.021	-11.177	-6.3222	0.0	0.0	0.0	0.0	0.48186	0.0	-5.0987	-0.30357	0.0	0.0	2.8389	0.0	-7.5639	-14.141	0.0	0.0	0.0	0.0	0.0	0.0	0.0	0.0	-2.2837	0.0	0.0	0.0	0.0	0.0	0.0	-0.063132	-0.018867	-0.21447	0.0	0.0	-0.36441	0.0	0.0	0.0	-7.1625	0.0	0.0	-0.016733	0.0	-0.58549	-0.49282	0.0	0.0	0.0	-0.28864	-21.645	-0.0014864	-20.272	-1.6614	0.0	0.0	0.0	-0.59513	-0.74022	0.0	0.0	-11.576	0.0	0.0050107	-14.163	-49.391	-4.7235	0.0	0.0	0.0	0.0	0.0	-0.066035	0.0	0.0	0.0	-0.001176	0.0	0.0	0.0	0.0	-7.4821	0.0	-0.00049238	0.0	0.0	0.0	0.0	0.0	0.0	0.0	-0.3099	-0.0015667	0.0	0.0	0.0	-0.10318	-4.3679	0.0	0.0	0.0	-0.036593	0.0	0.0	0.0	-0.0017619	-8.5931	0.0	-0.26742	-0.95312	0.0	0.0	0.017482	-4.6296	-23.661	0.0	0.0	0.0	-14.114	-0.0083759	5.8095e-06	-3.1255	0.0	-4.0221	-0.0017081	0.0	0.0	0.0	-6.5367	0.0	-0.20418	0.0	0.0
SBS47	-3.7847	0.0	0.0	0.0	0.0	0.0	0.0	0.0	0.0	0.0	-6.6217	0.0	0.0	0.0	0.0	0.0	0.0	0.0	0.0	0.0	0.0	0.0	0.0	0.0	0.0	0.0	0.0	0.0	0.0	0.0	-0.066191	0.0	0.0	0.0	-0.60119	0.0	0.0	0.0	0.0	0.0	0.0	0.0	0.0	0.0	0.0	0.0	0.0	0.0	0.0	0.0	0.0	0.0	0.0	0.0	0.0	0.0	0.0	0.0	-67.015	0.0	0.0	0.0	0.0	0.0	0.0	0.0	0.0	0.0	0.0	0.0	0.0	0.0	0.0	0.0	-2.1242	0.0	0.0	0.0	0.0	0.0	0.0	0.0	0.0	0.0	0.0	0.0	-9.2139	0.0	0.0	-0.038231	-0.023266	0.0	0.0	-46.156	0.0	0.0	0.0	-6.6975	-33.959	0.0	0.0	0.0	0.0	0.0	0.0	0.0	0.0	0.0	0.0	0.0	0.0	0.0	0.0	0.0	-0.055846	0.0	0.0	0.0	0.0	0.0	0.0	0.0	318.45	0.0	0.0	-22.606	0.0	0.0	0.0	0.0	0.0	-0.055361	0.0	-0.21078	0.0	0.0	0.0	-0.11384	0.0	0.0	0.0	0.0	0.0	0.0	0.0	0.0	0.0	0.0	0.0	0.0	-5.4478	0.0	0.0	0.0	0.0	0.0	0.056215	0.0	0.0	0.0	0.0	0.0	0.0	-0.14831	0.0	0.0	0.0	0.0	0.31731	0.0	0.0	0.0	0.0	0.0	0.0	-0.062421	0.0	0.0	0.0	0.0	0.0	0.0	0.0	0.0	0.0	-0.026515	0.0	0.0	0.0	0.0	0.0	0.0	0.0	0.0	0.0	0.0	0.0	0.0	0.0	0.0	0.0	0.0	0.0	0.0	-0.074699	0.0	0.0	0.0	0.0	0.0	0.0	0.0	0.0	0.0	0.0	0.0	0.0
SBS48	0.0	0.0	0.0	-0.029887	0.0	0.0	0.0	0.0	0.0	0.0	-4.7659	0.0	0.0	0.0	-5.929	0.0	10.452	-0.023386	0.0	0.0	0.0	0.0	0.0	0.0	-2.0979	0.0	0.0	0.0	-23.873	0.0	-1.876	-0.14339	-18.51	0.0	0.23511	0.0	0.0	0.0	-16.138	0.0	-0.030987	0.0	0.0	0.0	0.0	-0.098157	0.0	0.0	0.0	-19.412	-61.726	0.0	0.0	0.0	0.0	0.0	-0.046456	0.0	0.0	0.0	0.0	0.0	0.0	0.0	0.0	0.0	0.0	0.0	-26.836	-19.852	0.0	0.0	0.0	0.0	0.0	0.0	0.0	-10.95	-0.013296	0.0	-29.219	0.0	-17.673	-12.526	-6.3934	0.0	0.0	-6.6597	0.0	0.0	0.0	-3.1782	0.0	0.0	-0.20507	0.0	-3.3272	-5.1277	-41.191	0.0	0.0	-0.0080323	0.0	0.0	0.0	0.0	0.0	0.0	0.0	0.0	0.0	0.0	0.0	0.0	-0.075357	0.0	-0.039757	0.0	0.0	-0.24304	0.0	0.0	0.0	-0.049589	0.0	0.0	-0.046705	-17.597	-0.66375	9.0239	0.0	0.0	0.0	-0.20916	0.0	0.0	-23.673	0.0	0.0	0.0	0.0	-0.59278	0.0	-12.719	-19.952	-22.982	-0.048364	0.0033599	-75.994	0.0	80.659	0.0	0.0	0.0	0.0	0.0	-0.069305	0.0	-2.6316	0.0	0.0	0.0	0.0	0.0	0.0	-9.789	0.0	0.0	0.0	0.0	0.0	-0.0010204	0.0	0.0	0.0	-6.2095	0.0	0.0	-0.0019319	0.0	-0.16956	-1.5487	0.0	0.0	0.0	-0.027259	-23.609	0.0	0.0	-0.0011948	0.37141	0.0	0.0	-1.8125	0.0	0.0	0.0	-0.87744	0.0	0.0	-16.132	0.0	-0.073605	0.0	0.019365	-6.2363	0.0	0.0	0.0	-0.10796	0.0	0.0	91.396	0.0	-0.094971	0.0	0.0
SBS49	-0.15403	0.0	-0.0011497	0.0	-0.2171	0.02897	-48.087	0.0	0.0	0.0	0.30148	0.0	0.0	0.0	12.422	0.0	0.0	-0.060788	-0.12657	0.0	0.0	0.0	0.0	0.032352	-0.41389	0.0	0.0	0.0	-0.97822	46.425	-0.45957	-0.14756	0.0	0.0	-0.39907	0.0	0.0	0.051299	0.0	0.0	-0.13449	0.0	0.0	0.0	0.0	-0.1342	0.0	0.0	0.0	0.0	-52.421	0.0	0.0	0.0	0.0	0.0	0.086135	0.0	-42.929	0.0	0.0	0.0	0.0	0.0	0.0	0.0	-0.29593	-0.086986	-41.543	-0.2121	0.022055	0.0	0.0	0.0	-0.2239	0.0	0.0	-10.12	0.0	-0.030534	-26.28	-3.0982	-17.364	-13.019	-0.12957	-0.0018546	-2.3236	-17.203	0.0	-0.36201	0.0	-12.051	0.0	0.0	-0.49052	0.0	0.0	-6.5917	-45.84	0.0	0.0	-0.011728	0.0	0.0	0.0	0.0	0.0	-0.056744	-0.34745	-14.28	-2.296	0.0	0.0	0.0	0.051887	0.034353	-5.0013	-0.34269	-0.034717	0.0	0.0	-0.11883	-21.112	-0.1588	0.0	-18.166	-0.094482	22.744	-0.98361	-0.3514	4.3974	-0.082372	0.0	-0.30684	0.0	0.0	-26.724	-0.14449	0.0	0.0	0.0	-0.59278	-1.4825	0.0	-24.512	-21.399	-0.14423	-0.0011581	-41.194	-0.18507	-3.1921	0.0	0.0	0.0	0.0	-8.6444	-0.11103	-0.14647	-1.4034	0.0	0.0	0.0	0.0	-0.86216	0.0	-9.5141	0.0	0.0	-0.0074811	0.0	0.0	0.0042266	16.933	0.0	0.0	-22.294	0.0	0.0	0.0	0.0	-0.15811	-1.8137	0.0	0.0	0.0	-0.038864	-70.638	0.0	0.0	-0.00026941	0.29429	0.0	0.0	-0.56022	-0.045636	-2.1201	0.0	920.57	0.0	0.0	-9.505	-0.14739	-15.128	0.06816	-0.20746	-18.894	0.0	0.0	0.0	0.0	0.0	0.0	-124.0	-0.072749	-0.14231	0.0	0.0
SBS50	-1.3416	0.0	0.0	0.0	0.0	0.0	0.0	0.0	0.0	0.0	-0.57689	0.0	0.0	0.0	-1.9199	0.0	0.0	0.0	0.0	0.0	0.0	0.0	0.0	0.0	4.1065	0.0	0.0	0.0	0.0	0.0	-0.10699	-0.1495	-2.9498	0.0	-0.96386	0.0	0.0	0.0	-17.632	0.0	-0.24724	-0.044679	0.0	0.0	0.0	-0.09313	0.0	0.0	0.0	0.0	0.0	0.0	0.0	0.0	0.0	0.0	-0.031468	0.0	-14.544	0.0	0.0	0.0	0.0	0.0	0.0	0.0	0.0	0.0	-39.361	-0.88262	0.0	0.0	0.0	0.0	-0.16412	0.0	0.0	0.0	-0.013152	0.0	-24.892	0.0	-23.352	-8.0621	-7.4207	0.0	-6.1932	0.0	0.0	0.35593	-0.025652	0.0	0.0	-22.354	-0.11574	0.0	-6.0276	-3.9296	-8.9228	0.0	0.0	0.0	0.0	0.0	0.0	0.0	0.0	0.0	0.0	0.0	-5.4553	0.0	0.0	0.0	-0.077391	0.0	-9.3967	0.0	0.0	0.0	0.0	-8.7699	-14.923	-2.521	0.0	-5.6427	-0.027567	0.0	-0.85721	0.0	0.0	-0.090574	0.0	0.010315	0.0	0.0	-13.049	28.724	0.0	0.0	0.0	-0.59278	0.0	-12.899	0.0	-22.733	0.0	0.0048113	-103.23	0.0	-2.8559	0.0	0.0	0.0	0.0	0.0	-0.06815	0.0	-7.6948	0.0	0.0	0.0	0.0	-0.35889	0.0	-11.99	0.0	0.0	-0.042092	0.0	0.0	0.0	0.0	0.0	0.0	-0.056	0.0	0.0	-0.0019114	0.0	-0.15236	0.0	0.0	0.0	0.0	-0.0204	-60.693	0.0	0.0	0.0	-3.9688	0.0	0.0	-5.1108	0.0	0.0	0.0	-106.82	0.0	0.0	0.0	0.0	-0.029427	0.0	0.068313	-4.2981	0.0	0.0	0.0	-0.93212	0.0	0.0	0.0	0.0	-0.3187	0.0	0.0
SBS51	-0.14975	0.0	0.0	0.0	0.0	0.0	0.0	0.0	0.0	0.0	-10.089	0.0	0.0	0.0	0.0	0.0	-1.1704	-0.027279	0.0	0.0	0.0	0.0	0.0	0.0	0.0	0.0	0.0	0.0	0.0	0.0	-0.10024	0.0	0.0	0.0	-0.35983	0.0	0.0	0.0	0.0	0.0	0.0	-0.029743	0.0	0.0	0.0	0.0	0.0	0.0	0.0	0.0	0.0	0.0	0.0	0.0	0.0	0.0	0.0	0.0	-64.973	0.0	0.0	0.0	0.0	0.0	0.0	0.0	0.0	0.0	0.0	0.0	0.0	0.0	0.0	0.0	-0.15641	0.0	0.0	-10.12	0.0	0.0	0.0	0.0	0.0	0.0	0.0	0.0	-6.2036	0.0	0.0	0.0	-0.054229	-0.33351	0.0	-24.897	-0.20507	0.0	0.0	-4.4272	-27.904	0.0	0.0	0.0	0.0	0.0	0.0	0.0	0.0	0.0	0.0	0.0	0.0	0.0	0.0	0.0	-0.071048	0.0	0.0	0.0	0.0	0.0	0.0	-0.2575	-14.167	0.0	0.0	-17.991	0.0	0.0	0.0	0.0	0.0	-0.12697	0.0	-0.20894	0.0	0.0	0.0	-0.61665	0.0	0.0	0.0	0.0	0.0	0.0	0.0	0.0	0.0	-0.0019929	0.0	0.0	-3.8554	0.0	0.0	0.0	0.0	0.0	0.070905	0.0	0.0	0.0	0.0	0.0	0.0	-0.26968	0.0	0.0	0.0	0.0	0.0	0.0	0.0	0.0	0.0	0.0	0.0	-3.3219	0.0	0.0	0.0	0.0	-0.060975	0.0	0.0	0.0	0.0	-0.038982	0.0	0.0	0.0	-0.0010117	0.0	0.0	0.0	0.0	0.0	0.0	0.0	0.0	0.0	0.0	0.0	0.0	0.0	0.0	-0.095706	0.0	0.0	0.0	-0.90076	0.0	0.0	0.0	-121.75	0.0	0.0	0.0	0.0
SBS52	-0.1108	0.0	-0.0020379	0.0	0.0	0.0	-38.746	0.0	0.0	0.0	0.24763	-0.038518	-25.886	0.0	-2.1397	0.047485	0.0	-0.068914	0.0	0.0	0.0	0.0	0.0	0.0	-0.021524	0.0	0.0	0.0	-28.994	-2.9355	-0.34105	-0.10094	8.2701	0.0	-0.47357	0.0	-0.0031852	0.0	0.0	10.661	-0.54126	-0.082699	0.0	0.0	0.0	-3.5053	0.0	-0.31917	0.0	0.0	-16.158	0.0	0.0	0.070423	0.0	0.0	-0.069775	-8.7462	-115.8	0.031351	0.0	-0.077014	0.0	1.8167	0.0	-0.60557	0.0	0.0	-15.464	-0.067743	0.0	-2.2402	0.0	0.0	-0.12249	0.0	0.47809	12.296	0.0	-0.085026	407.47	0.0	-39.168	-53.373	0.0	0.0	-13.638	-16.294	0.0	0.13187	-0.031902	-1.0104	0.0	-11.978	-0.56915	0.0	0.0	35.51	-18.284	-0.037778	0.0	-0.00903	0.0	0.0	0.0	0.0	0.035707	-0.90309	-0.099336	-25.758	2.3721	0.0	0.0	0.0	0.048874	-0.051982	-0.23263	0.0	0.0	0.38689	0.0	-0.70806	-22.238	-0.10081	0.0	-24.526	-0.46781	-22.902	-1.2845	-0.8182	437.24	-0.0938	0.0	0.024541	-12.946	-0.0027065	-16.293	-1.6785	0.0	0.0	0.0	0.49305	-1.8336	0.0	232.98	-19.686	-0.10764	-0.00078773	-41.857	-32.018	-7.8427	0.0	0.0	0.0	0.0	-7.4482	0.0	0.0	-7.3559	0.0	-0.0015519	0.0	0.0	-0.19322	0.0	-41.692	-0.010822	-0.0010048	0.0	0.0	0.0	-0.0011049	-65.205	0.0	-4.0314	313.13	0.00892	0.0	0.0	0.0	0.10593	-8.4233	0.0	0.0	0.0	-0.063005	0.0	0.0	0.0	-0.0022434	0.0	0.0	-0.34401	-1.5703	0.0	0.0	-0.52469	-369.72	-1.0171	-64.385	-16.136	0.0	28.889	0.17637	0.033464	0.28793	0.0	-9.3072	0.0	0.0	0.0	0.0	-3.7416	0.0	-0.14164	0.054501	-0.034769
SBS53	0.0	0.0	0.0	0.0	0.0	0.0	0.0	0.0	0.0	0.0	0.0	0.0	0.0	0.0	0.12912	0.0	0.031721	0.0	0.0	0.0	0.0	0.0	0.0	0.0	-4.1474	0.0	0.0	0.0	-33.619	0.0	0.0	-0.18507	0.0	0.0	0.0	0.0	0.0	0.0	0.0	0.0	0.0	0.0	0.0	0.0	0.0	-2.8046	0.0	0.0	0.0	0.0	-45.811	0.0	0.0	0.0	0.0	0.0	-0.034981	0.0	0.0	0.0	0.0	0.0	0.0	0.0	0.0	0.0	0.0	0.0	0.0	0.0	0.0	0.0	0.0	0.0	0.0	0.0	0.0	0.0	0.0	0.0	0.0	0.0	0.0	0.0	-12.499	0.0	0.0	-4.3021	0.0	-0.32218	0.0	0.0	0.0	0.0	0.0	0.0	0.0	0.32836	0.0	0.0	0.0	-0.006585	0.0	0.0	0.0	0.0	0.0	0.0	0.0	0.0	-1.1508	0.0	0.0	0.0	-0.057487	0.0	-0.094457	0.0	0.0	-0.39818	0.0	0.0	0.0	0.0	0.0	0.0	0.0	0.0	-0.82172	-0.50087	0.0	0.0	0.0	0.0	0.0	0.0	0.0	0.0	0.0	0.0	0.0	0.0	0.0	0.0	0.0	-22.951	-0.032844	-0.0023134	-92.406	0.0	0.17454	0.0	0.0	0.0	0.0	0.0	-0.046428	0.0	0.0	0.0	0.0	0.0	0.0	0.0	0.0	0.0	0.0	0.0	0.0	0.0	0.0	-0.0010187	0.0	0.0	0.0	0.0	0.0	0.0	0.0	0.0	-0.088023	0.0	0.0	0.0	0.0	-0.016307	0.0	0.0	0.0	-0.001042	0.0	0.0	0.0	0.0	0.0	0.0	0.0	0.0	0.0	0.0	-15.798	0.0	-80.872	0.0	0.015722	0.0	0.0	0.0	0.0	0.0	0.0	0.0	0.0	0.0	0.0	0.0	0.0
SBS54	0.0	0.0	0.0	0.0	0.0	-0.75148	0.0	0.0	0.0	0.0	0.0	0.0	0.0	0.0	-20.565	0.0	-0.065021	-0.025275	0.0	0.0	0.0	0.0	0.0	0.0	0.0	0.0	0.0	0.0	0.0	0.0	0.20128	-0.17366	-0.074367	0.0	1.403	0.0	0.0	0.0	-12.944	0.0	0.0	-0.082117	0.0	0.0	0.0	-0.13046	0.0	0.0	0.0	0.0	0.0	0.0	0.0	0.0	0.0	0.0	0.050925	0.0	0.0	0.0	0.0	-0.090665	0.0	0.0	0.0	0.0	0.0	0.0	0.0	-0.15289	0.0	0.0	0.0	0.0	0.0	0.0	0.0	0.0	0.029948	0.0	0.0	0.0	0.0	0.0	-1.1312	0.0	0.0	0.0	0.0	-0.51277	0.0	0.0	0.0	0.0	0.0	0.27991	2.8298	0.0	-57.584	0.0	0.0	0.0	0.0	0.0	0.0	0.0	0.0	0.0	0.0	0.0	-1.6722	0.0	0.0	0.0	0.021708	0.0	-0.22349	0.0	0.0	0.0	0.0	0.0	0.0	-0.12033	0.0	0.0	0.089047	0.0	0.0	0.0	0.0	0.0	0.0	-0.13959	0.0	0.0	0.0	0.0	0.0	0.0	0.0	-1.8396	0.0	6.0167	0.0	-6.346	0.0	0.0032583	0.0	0.0	0.0	0.0	0.0	0.0	0.0	0.0	-0.095073	0.0	-13.224	0.0	0.0	0.0	0.0	0.0	0.0	0.0	0.0	0.0	-0.082659	0.0	0.0	0.0	0.0	0.0	0.0	-0.054061	0.0	0.0	-0.0043912	0.0	0.0	0.0	0.0	0.0	0.0	0.0	-74.221	0.0	0.0	0.0	0.18629	0.0	0.0	0.0	0.0	0.0	0.0	0.0	0.0	0.0	0.0	0.0	-7.5726	0.0	0.024851	-0.112	0.0	0.0	0.0	-10.035	0.0	0.0	0.0	0.0	0.0	0.0	-0.013221
SBS55	0.0	0.0	0.0	0.0	0.0	0.0	0.0	0.0	0.0	0.0	0.0	0.0	0.0	0.0	0.0	0.0	0.0	0.0	0.0	0.0	0.0	0.0	0.0	0.0	0.0	0.0	0.0	0.0	0.0	0.0	0.0	0.0	0.0	0.0	0.0	0.0	0.0	0.0	0.0	0.0	0.0	0.0	0.0	0.0	0.0	0.0	0.0	0.0	0.0	0.0	0.0	0.0	0.0	0.0	0.0	0.0	0.0	0.0	0.0	0.0	0.0	0.0	0.0	0.0	0.0	0.0	0.0	0.0	0.0	0.0	0.0	0.0	0.0	0.0	0.0	0.0	0.0	0.0	0.0	0.0	0.0	0.0	0.0	0.0	0.0	0.0	0.0	0.0	0.0	0.0	0.0	0.0	0.0	0.0	0.0	0.0	0.0	0.0	0.0	0.0	0.0	0.0	0.0	0.0	0.0	0.0	0.0	0.0	0.0	0.0	0.0	0.0	0.0	0.0	0.0	0.0	0.0	0.0	0.0	0.0	0.0	0.0	0.0	0.0	0.0	0.0	0.0	0.0	0.0	0.0	0.0	0.0	0.0	0.0	0.0	0.0	0.0	0.0	0.0	0.0	0.0	0.0	0.0	0.0	0.0	0.0	0.0	-0.00090634	0.0	0.0	0.0	0.0	0.0	0.0	0.0	0.0	0.0	0.0	0.0	0.0	0.0	0.0	0.0	0.0	0.0	0.0	0.0	0.0	0.0	0.0	0.0	0.0	0.0	0.0	0.0	0.0	0.0	0.0	0.0	0.0	0.0	0.0	0.0	0.0	0.0	0.0	0.0	0.0	0.0	0.0	0.0	0.0	0.0	0.0	0.0	0.0	0.0	0.0	0.0	0.0	0.0	0.0	0.0	0.0	0.0	0.0	0.0	0.0	0.0	0.0	0.0	0.0	0.0	0.0	0.0	0.0	0.0
SBS56	-0.193	0.0	0.0	0.0	0.0	0.0	0.0	-0.3654	0.0	0.0	-0.15482	0.0	0.0	0.0	-2.0445	0.0	0.071107	-0.046718	0.0	0.0	0.0	0.0	0.0	0.0	-0.44458	0.0	0.0	0.0	0.0	0.0	-1.4369	0.0	-0.12112	0.0	-0.19176	0.0	0.0	0.0	-15.957	0.0	1.2356	0.10782	0.0	0.0	0.0	0.0	0.0	0.0	0.0	0.0	0.0	0.0	0.0	0.0	0.0	0.0	-0.031644	0.0	-3.5474	0.0	0.0	-0.031237	0.0	0.0	0.0	0.0	0.0	0.0	-6.6418	-0.061663	0.0	0.0	0.0	0.0	-1.7705	0.0	0.0	-8.8296	-0.013716	-4.4434	183.46	0.0	-4.9757	107.89	0.0	0.0	-4.8798	0.0	0.0	0.12263	-3.105	0.65803	0.0	-41.26	-0.23793	0.0	-3.9713	-3.6288	1.8408	0.0	0.0	0.0	0.0	0.0	0.0	0.0	0.0	0.0	0.0	0.0	11.281	0.0	0.0	0.0	0.15779	0.0	0.0	0.0	0.0	0.0	0.0	-16.385	-13.859	-0.10833	0.0	-14.832	-0.70727	0.0	0.0	0.0	0.0	-0.16967	0.0	-0.16012	0.0	0.0	-22.594	-0.18679	0.0	0.0	0.0	-0.59278	0.0	-11.222	0.0	0.0	0.0	-0.00088725	-22.609	0.0	-1.8865	0.0	0.0	0.0	0.0	0.0	-0.03981	0.0	0.0	0.0	0.0	0.0	0.0	-0.3087	0.0	77.928	0.0	0.0	0.0	0.0	0.0	0.0	0.0	0.0	0.0	43.176	0.0	0.0	-0.001985	0.0	-0.12535	0.0	0.0	0.0	0.0	0.043872	-125.11	0.0	0.0	0.010741	-8.0829	0.0	0.0	-0.32667	0.0	0.0	0.0	741.83	0.0	0.0	0.0	0.0	0.0	0.0	0.052771	-0.095776	0.0	0.0	0.0	-1.4684	0.0	0.0	-43.082	0.0	-0.15417	0.0	0.0
SBS57	-0.83865	0.0	0.0	0.0	0.0	0.0	0.0	0.0	0.0	0.0	-0.1086	0.0	0.0	0.0	0.0	0.0	0.0	0.0	0.0	0.0	0.0	0.0	0.0	0.0	0.0	0.0	0.0	0.0	0.0	0.0	-0.064116	0.26235	0.0	0.073558	-0.60118	0.0	0.0	0.0	0.0	0.0	0.0	-0.032993	0.0	0.039346	0.0	0.064595	0.0	0.0	0.0	0.0	0.0	0.0	0.0	0.0	0.0	0.0	-0.041527	0.0	-89.368	0.0	0.0	0.0	0.0	0.0	0.0	0.0	0.0	0.0	0.0	0.0	0.0	0.0	0.0	0.0	6.1315	0.0	0.0	0.0	0.0	0.0	0.0	0.0	0.0	0.0	-7.6467	0.0	-5.9867	0.0	0.0	0.0	0.0	-7.8707	0.0	-34.336	0.0	0.62078	0.0	-7.1772	-23.456	0.0	0.0	0.0	0.0	0.0	0.0	0.0	0.0	0.0	0.0	0.0	11.364	0.0	0.0	0.0	-0.055723	0.0	62.945	0.0	0.0	0.0	0.0	209.6	-24.629	0.0	0.0	-21.353	0.0	0.0	0.0	0.0	0.0	3.0337	0.0	-0.083257	0.0	0.0	0.0	0.0	0.0	0.0	0.0	0.0	0.0	0.0	0.0	-12.704	0.0	-0.0017691	0.0	0.0	-4.6832	0.0	0.0	0.0	0.0	0.0	0.0	0.0	0.0	0.0	0.0	0.0	0.0	16.767	0.0	0.0	0.0	0.0	0.0	0.0	0.0	0.0	0.0	0.0	0.0	-1.8295	0.0	0.0	0.0	0.0	0.0	0.0	0.0	0.0	0.0	-0.027592	0.0	0.0	0.0	0.0	0.0	0.0	0.0	0.0	0.0	0.0	0.0	0.0	0.0	0.0	0.0	0.0	0.0	0.0	-0.030083	0.0	0.0	0.0	0.0	0.0	0.0	0.0	0.0	0.0	0.0	0.0	0.0
SBS58	0.28451	0.0	0.0	-0.097021	0.0	0.0	0.0	0.0	0.0	0.0	-1.4371	0.0	0.0	0.0	-7.8034	0.0	0.0	-0.036469	0.0	0.0	0.0	0.0	0.0	0.0	6.8334	0.0	0.0	0.0	-18.088	0.0	0.012003	-0.070079	0.0	0.0	0.21738	0.0	0.0	0.0	0.0	0.0	0.0	-0.10832	0.0	0.0	0.0	0.80948	0.0	0.0	0.0	0.0	-24.429	-2.171	0.0	0.0	0.0	0.0	-0.019796	0.0	20.032	0.0	0.0	0.0	0.0	0.0	0.0	0.0	0.0	0.0	0.0	-0.034407	0.0	0.0	0.0	-0.084659	-0.44282	0.0	0.0	-10.12	0.0	-3.2751	-3.0868	0.0	0.0	0.0	-7.1742	0.0	-1.3095	-0.74846	0.0	-0.44306	0.09243	-3.142	0.0	-21.894	0.28076	0.0	0.0	-2.964	19.011	0.0	0.0	-0.0097706	0.0	0.0	0.0	0.0	0.0	0.0	-0.13146	-15.28	-1.7168	0.0	0.0	0.0	0.04185	0.0	-0.025551	0.0	0.0	-0.17275	0.0	0.056622	17.641	0.0	0.062205	14.158	0.0	-0.77178	-0.57544	-0.16357	0.0	-0.29021	0.0	-0.36538	0.0	0.0	0.0	-0.30705	0.0	0.0	0.0	0.0	0.0	0.0	-12.548	-3.2795	-0.1148	-0.0021404	-50.213	0.0	-3.3679	0.0	0.0	0.0	0.0	-0.037184	0.044037	0.0	0.0	0.0	0.0	0.0	0.0	-0.50514	0.0	0.0	0.0	0.0	0.0	0.0	0.0	-0.001435	0.0	0.0	0.0	-2.4757	0.0	0.0	0.0	0.0	0.004459	-6.0269	0.0	0.0	0.0	-0.077364	0.0	0.0	0.0	0.0053171	-0.11478	0.0	0.0	0.0	0.0	0.0	0.0	0.0	0.0	0.0	-8.7739	0.0	-42.612	0.0	-0.033219	0.0	0.0	0.0	-0.051237	0.0	0.0	0.0	1.152	0.0	0.0	0.0	0.0
SBS59	-5.5207	0.0	0.0	-1.0444	0.0	0.0	0.0	0.0	0.0	0.0	-0.36618	0.0	0.0	0.0	-4.0507	0.0	0.059175	-0.092143	0.0	0.027663	0.0	0.0	0.0	0.0	-0.27017	0.0	0.0	0.0	-5.0254	0.0	0.010749	-0.15207	0.0	0.0	0.84185	0.0	0.0	0.0	0.0	0.0	-0.20153	-0.10724	0.0	0.0	0.0	-0.14699	0.0	0.0	0.0	-3.4905	-45.458	-0.015882	0.0	0.0	0.0	0.0	-0.042462	0.0	-103.81	0.0	0.0	0.0	0.0	0.0	0.0	0.0	0.0	0.0	-15.107	-21.808	0.0	0.0	0.0	-0.046682	0.0	0.0	0.0	67.849	0.0	143.71	-15.925	0.0	-42.555	-26.357	-7.2359	0.0	-10.933	-5.3888	0.0	0.0	-2.4338	-1.4133	0.0	-75.361	-0.155	0.0	0.0	-5.4985	-41.855	0.091212	0.0	-0.0081027	0.0	0.0	0.0	0.0	0.0	0.0	-2.5346	-26.194	0.0037311	0.0	0.0	0.0	0.090592	0.0	0.050879	0.0	0.0	-0.40149	0.0	-2.7227	-1.5331	0.0	0.0	-36.63	0.0	-22.292	-0.63037	-0.46179	0.0	-0.16828	0.0	0.20911	0.0	0.0	-16.277	-0.9626	0.0	0.0	0.0	0.0	0.0	0.0	-0.056376	-9.6155	-0.092319	-0.0017373	-35.593	0.0	-2.0881	0.0	0.0	0.0	0.0	0.0	0.0	0.0	-5.3422	0.0	0.0	0.0	0.0	-0.82784	0.0	-23.743	0.0	0.0	0.0	0.0	0.0	-0.0010451	0.0	0.0	0.0	-1.7938	0.0	0.0	0.0	0.0	0.11269	-4.2025	0.0	0.0	0.0	-0.062416	0.0	0.0	0.0	-0.001433	-6.3835	0.0	0.0	-2.3208	0.0	0.0	0.0	-115.89	0.0	0.0	-16.043	0.0	59.17	0.0	0.077712	0.0	0.0	0.0	-0.29364	0.0	0.0	0.0	-71.253	0.0	-0.25959	0.037809	0.0
SBS60	0.0	0.0	0.0	0.0	0.0	0.0	0.0	0.0	0.0	0.0	0.0	0.0	0.0	0.0	0.0	0.0	0.0	0.0	0.0	0.0	0.0	0.0	0.0	0.0	0.0	0.0	0.0	0.0	0.0	0.0	-0.055869	-0.083897	0.0	0.0	0.0	0.0	0.0	0.0	0.0	0.0	0.0	0.12067	0.0	0.0	0.0	-0.50322	0.0	0.0	0.0	0.0	0.0	0.0	0.0	0.0	0.0	0.0	-0.028352	0.0	0.0	0.0	0.0	0.0	0.0	0.0	0.0	0.0	0.0	0.0	0.0	-5.2882	0.0	0.0	0.0	0.0	0.0	0.0	0.0	0.0	0.0	0.0	0.0	0.0	0.0	0.0	-10.885	0.0	0.0	0.0	0.0	0.0	0.0	0.0	0.0	0.0	0.0	-41.156	0.0	0.0	0.0	0.0	0.0	0.0	0.0	0.0	0.0	0.0	0.0	0.0	-2.336	0.0	1.6165	0.0	0.0	0.0	-0.04458	0.0	-12.137	0.0	0.0	0.0	0.0	0.0	0.0	0.0	0.0	0.0	0.0	0.0	0.0	-0.41474	-50.693	0.0	0.0	0.0	0.0	0.0	0.0	0.0	0.0	0.0	0.0	0.0	0.0	0.0	0.0	0.0	0.0	0.0008528	0.0	0.0	0.0	0.0	0.0	0.0	0.0	0.0	0.0	0.0	0.0	0.0	0.0	0.0	0.0	0.0	0.0	0.0	0.0	0.0	0.0	0.0	0.0	-0.0010292	-37.276	0.0	0.0	0.0	0.0	0.0	0.0	0.0	0.0	0.0	0.0	0.0	0.0	0.0	0.0	0.0	0.0	0.0	0.0	0.0	0.0	0.0	0.0	0.0	0.0	0.0	0.0	0.0	0.0	0.0	0.0	-0.015505	-0.05779	33.342	0.0	0.0	0.0	0.0	0.0	0.0	0.0	0.0	0.0	0.0	0.0
ACC																																																																																																																																																																																																																									
BLCA	-0.42349		0.0010258			-0.55261	-2.3413	0.25647	0.0	0.0	0.0	0.0	-3.2696		-4.5437	-0.0060791	-0.75191	-0.27185		0.0					-0.74243		0.0		-5.9559	-12.636	-0.21564		-1.5208				0.0036879			-7.3238		0.0		0.0			0.0	0.0				0.37116		0.0			-0.13437	2.0053		0.0	0.0	0.0	0.0	0.0		-0.17999				0.0	0.0	-0.40218	0.0	0.0	-0.98858		0.0																-0.349					0.0	-5.6632	-0.040931					0.0	0.0	-0.049199	0.63737				0.0	0.0	0.0	0.23847	0.45743	-1.64		-0.018968	0.6304				-1.0661	0.0		-0.65468		-0.83816	-1.2495				-0.82688	-16.246	0.0024548	-6.1312	-0.14855		0.0		-2.5568	-3.3023						-12.324	0.0	-2.7895			-0.2457	0.0	0.0	-0.32062				0.00039213		0.0				0.0	-0.037981	-0.82721	0.0					0.0	-0.089701	0.0028394	0.0			0.29739	-0.46756		-0.026645		-0.080548		0.0		-0.0035025		0.0	-1.6926				-0.31217		0.0	-16.279			-0.71097	-0.017212	-0.29869	-0.66393	0.0	0.0	0.26965							0.0	0.0
BRCA	0.0										0.0									0.0							0.0				0.0			0.0	-1.0801																	0.0	1.8291						-45.177		0.0												0.0	0.0	0.11212												-0.011887				0.0	0.46396		-35.89				-2.2191	-1.2946							0.0									0.35127							0.0	-11.125			-9.2616						-0.72838		0.29032				0.0		0.0											-3.8914				0.0		0.59983							-2.7652			0.0		-0.13075							0.515										0.10735																			-0.45482				0.012847								
CESC																			-0.021705																																																-0.50513			0.5274		0.0																																											-0.029532	0.0			0.0					0.0			0.24362																														0.0																																						0.0											0.75746											
CHOL																																																																																																																																																																																																																									
COAD					-0.50407	2.6671																		-0.077427																																															0.0	-0.12588																4.256																										0.0	-0.30381		0.47984		0.0																							-0.10142							-7.9618								0.0												-0.31608																		8.1987				0.0					-3.6801						-0.78367			0.24661												
DLBC																																																																																																																																																																																																																									
ESCA																			0.10572												1.251											0.30816																			0.0						0.0												0.056554																				-1.4163																	0.0		0.0	0.0					0.10369			0.77931							0.4997									1.0619														0.0																																						0.0								0.11286		0.47577	0.81527	0.0										
GBM																																																																																																																																																																																																																									
HNSC																			-0.2982											-2.968	0.35941											0.47711															0.081709										-0.58329			1.4572	0.0																																													0.0		-0.85146	0.0					0.0			0.0							-0.19882									-2.1845			0.0				0.20764							0.0																																						0.0										0.45515	0.34061	0.0							-0.18833			
KICH																																																																																																																																																																																																													0.047773												
KIRC																		0.0																																																												-6.0473		0.0																																																					0.0																					0.24221																																				0.0078547																							-43.497				
KIRP																																																																																																																			0.042264														1.4656																																																																																								
LAML																																																																																																																																																																																																																									
LGG																	1.0957															-0.76985										-0.79039		0.0		0.0											-0.040033																												0.0											0.0																																												0.0						-1.383											-0.52687																																																0.29669												
LIHC																																																		0.0																																																																																																																																																											-0.39318												
LUAD				-1.4699				-0.79668	0.0		-0.072747			0.0	-5.4069		-1.2353			0.0	0.0		0.0	-0.25309	-1.9486		0.0	0.0	-4.5724							0.0		-0.071544				-0.5611									-19.214	0.0					0.14528						0.0							-0.24907	0.0		0.0	0.0							-2.4641							3.3525	0.0			-0.51162						-3.4805		0.0		-0.01015				0.0			-0.69912	3.6746			0.0		-0.35219	-0.48898	0.0		0.0	-0.85658								-11.842	0.056401	-0.044455				-0.63733						0.0					-0.57422		0.0		-11.134		-3.1067	0.0			0.0	0.0	-0.83244		-1.2986			-0.07761	0.0				0.0				0.0	-0.00078391		0.0				0.0			-0.66646	-0.33478				-0.073619			0.0	-0.0012125	-1.1144	0.0									-4.3033		0.0		-0.4309		-0.02276		0.0							-0.036243	0.0
LUSC	-0.23329		0.001321				-1.8598												0.43471	0.0					-1.3421		0.0				-0.33012											0.0										0.0					-0.035225						0.0				0.28234			0.30833	0.0			0.0	-0.19253							-4.4394				0.004627			0.0									-1.5204		0.14066						0.0		-1.7785	0.0	-1.2832					0.082892	0.11282		0.13477	0.047174	-0.55301				0.80137			0.70505							-1.2172				-0.58347		0.0			1.4366							-0.77275		0.0			0.0	-0.083257	0.34593	0.076685	-1.8346			0.0	0.0				0.0		0.0		0.0	0.00066387						0.0		-1.4252	-0.76157			0.0		0.00093243									0.61652								0.0		0.48351	1.1067	0.0		-0.20397					0.15467		0.0	0.0
MESO																		0.22734																								0.03133																																																																																																			0.0																																																																												
OV																																																																																																																																																																																																																									
PAAD																																										0.51315																																																																											2.1735																	0.853																																																									1.4499														0.4303												
PCPG																																																																																																																																																																																																																									
PRAD															-7.5492										0.10453																-1.9561																												-11.178												2.3547		2.2013	-8.623								0.0																								0.0			0.0															-0.044469			-0.67952												-10.228																	-5.9523	0.0		0.66659							0.18483					-0.047627					0.054567								-0.14074				10.833							-0.76055				0.0						-1.1326	0.045221	
READ						2.5548																																																																																																															0.13162																																																																																								0.41297												
SARC																	0.16976																					0.0				-0.23807																																																					-0.36452																														0.0															0.0																																									0.71895																								0.10871												
SKCM				-0.17809		0.0				0.0														0.0							-0.19688											0.0																					0.0					0.0		0.0	0.0																		0.0																				0.0				0.0		-0.20989	-0.13432			0.0	-1.4808	0.0						-0.91231			-0.51782	5.8697									0.0								0.0010075				0.0	0.0														0.0		0.0		0.0	0.0025424	0.0	0.0										0.0					0.0															-0.08215	-0.72558	-0.6102	0.0		0.0		0.0					0.0	
STAD		0.0				-0.83536		-0.13738		0.0					-5.5032																-0.25676		0.0		-0.71182				-6.3609			-0.46429															-0.05826				0.0	-0.0012507	0.0							-0.52248	0.0								0.016431																		0.0		-2.1827							0.0							0.0		-0.19678	-0.42886	-0.9834		0.0					-0.7167			-0.55389							0.49615								-1.976		-36.025													-0.27248		0.0								0.0		-0.22044					0.0		0.0			0.0038131								2.3259				-0.20815												-0.16031		0.0035657	-0.26958	0.0		0.0	0.0							0.085162
TGCT																																																																																																															-2.4872						0.21954																																																																																																				
THCA																								0.36723																																																																																																																												-0.019492																																																																					
THYM																																																																																										0.09145																																																																																																																															
UCEC		0.0					-1.3783	0.56529			0.38526				-7.8714				-0.55964	0.0		-8.6761	0.0			-2.9067	0.0				-0.88821		-0.20809										-0.71813	0.0	1.0227			-0.93027	0.0023757	-1.2469		0.0			0.0	-0.27058					0.0	0.0	0.0		-2.332		-1.1837			-0.57038	0.0	0.0				-4.111																						-7.7506			0.55908	0.0072157	0.0	8.4842	0.0	0.0								0.0	0.044869	0.0	-0.7782	-1.0901	0.0	0.89078				0.0			0.66669	-10.722		-1.0092				0.41369			-1.9237		-2.1791					1.3606		-4.8505				0.0	-0.57965						0.71894			0.0	0.0036976				0.0				1.6508					0.0		-0.10109		0.0					0.0		-2.4369	-0.033759	1.6664	0.0						0.76869	-0.21234			11.779							-0.28417	0.0			0.0			0.0				0.037274	
UCS																																	2.1914																																							1.8464																																																																																					0.18412																																																0.41204												
UVM																																																																																																																																																																																																																									
log10_mut	0.26311	0.13496	0.014809	0.73213	0.69032	0.0	-1.4191	0.21086	0.05164	0.30533	0.088742	0.033713	18.266	0.075524	0.0	0.12013	0.0	-0.096879	0.1136	0.03466	0.0	2.1539	0.23151	-0.17846	0.71867	-14.324	0.037367	0.34001	0.72244	-1.8934	0.17333	0.22545	0.55254	0.0	-0.14079	0.0	0.013373	-0.030868	11.103	-4.5655	0.68466	0.23747	2.7404	0.16554	3.521	0.0	0.0	0.0	0.017824	0.0	17.018	0.0	0.0	0.49783	0.26035	-0.28126	0.03572	8.554	5.9978	0.032047	0.0077348	0.25917	0.30897	0.0	-0.64754	0.50137	0.0	0.0	-6.7797	0.67717	0.46598	0.0	0.0	0.0	0.0	-1.3976	0.0	15.892	0.066846	0.76621	5.153	0.0	0.34579	7.6304	3.43	0.012033	-1.6921	0.0	0.050436	1.1462	0.0	0.517	0.6557	-21.729	-0.66078	0.86697	1.6227	-4.1062	-0.27704	0.28161	2.9769	0.1157	0.40061	-21.903	0.099171	0.089327	0.075966	0.22261	0.58694	0.0	2.0623	0.0	0.54375	0.36891	0.27176	0.43697	0.97104	-0.27528	0.39441	0.80032	0.23064	1.2137	0.0	0.17059	-0.19341	6.6309	0.28655	0.0	-0.097058	0.26929	5.4958	0.0	0.074164	0.2745	7.124	0.012184	0.0	0.56684	-0.59585	0.0	0.0	0.25708	1.4224	-14.76	10.212	7.2762	0.25557	0.016131	0.0	0.47916	0.0	0.061819	0.11095	0.0	0.0	1.0025	0.29008	0.22624	0.97572	0.43633	0.0080799	0.0	0.071946	0.25952	-0.24615	6.2302	0.22133	0.0038969	0.32475	0.0	0.09179	0.015967	-10.677	0.094013	3.1996	0.32273	0.014048	0.25788	0.0036543	2.7925	0.38231	0.92232	0.16523	0.048886	6.9565	0.068564	0.0	0.42313	0.21374	-0.00072797	0.0	0.28412	-0.54567	0.6356	0.12854	1.0742	1.7292	1.8389	0.68051	41.263	10.688	-0.25464	0.44758	0.3262	0.63421	0.16048	0.26971	0.41963	0.22699	-5.0455	0.0	0.21997	0.0	0.077255	0.1686	0.085234	0.18524
